-- --------------------------------------------------------
-- Hôte :                        127.0.0.1
-- Version du serveur:           5.7.21 - MySQL Community Server (GPL)
-- SE du serveur:                Win64
-- HeidiSQL Version:             9.4.0.5125
-- --------------------------------------------------------

/*!40101 SET @OLD_CHARACTER_SET_CLIENT=@@CHARACTER_SET_CLIENT */;
/*!40101 SET NAMES utf8 */;
/*!50503 SET NAMES utf8mb4 */;
/*!40014 SET @OLD_FOREIGN_KEY_CHECKS=@@FOREIGN_KEY_CHECKS, FOREIGN_KEY_CHECKS=0 */;
/*!40101 SET @OLD_SQL_MODE=@@SQL_MODE, SQL_MODE='NO_AUTO_VALUE_ON_ZERO' */;


-- Export de la structure de la base pour peche_db
DROP DATABASE IF EXISTS `peche_db`;
CREATE DATABASE IF NOT EXISTS `peche_db` /*!40100 DEFAULT CHARACTER SET latin1 */;
USE `peche_db`;

-- Export de la structure de la table peche_db. commune
DROP TABLE IF EXISTS `commune`;
CREATE TABLE IF NOT EXISTS `commune` (
  `id` int(11) NOT NULL AUTO_INCREMENT,
  `code` varchar(10) DEFAULT NULL,
  `nom` varchar(100) DEFAULT NULL,
  `id_district` int(11) DEFAULT NULL,
  PRIMARY KEY (`id`),
  KEY `FK_commune_district` (`id_district`),
  CONSTRAINT `FK_commune_district` FOREIGN KEY (`id_district`) REFERENCES `district` (`id`) ON UPDATE CASCADE
) ENGINE=InnoDB AUTO_INCREMENT=1537 DEFAULT CHARSET=utf8 AVG_ROW_LENGTH=10;

-- Export de données de la table peche_db.commune : ~1 536 rows (environ)
/*!40000 ALTER TABLE `commune` DISABLE KEYS */;
INSERT INTO `commune` (`id`, `code`, `nom`, `id_district`) VALUES
	(1, '10401', 'Ambohidratrimo', 4),
	(2, '10402', 'Anosiala', 4),
	(3, '10403', 'Talatamaty', 4),
	(4, '10404', 'Antehiroka', 4),
	(5, '10405', 'Iarinarivo', 4),
	(6, '10406', 'Ivato Firaisana', 4),
	(7, '10407', 'Ivato Airport', 4),
	(8, '10408', 'Ambohitrimanjaka', 4),
	(9, '10409', 'Mahitsy', 4),
	(10, '10410', 'Merimandroso', 4),
	(11, '10411', 'Ambatolampy', 4),
	(12, '10412', 'Ampangabe', 4),
	(13, '10413', 'Ampanotokana', 4),
	(14, '10414', 'Mananjara', 4),
	(15, '10415', 'Manjakavaradrano', 4),
	(16, '10416', 'Antsahafilo', 4),
	(17, '10417', 'Ambohimanjaka', 4),
	(18, '10418', 'Fiadanana', 4),
	(19, '10419', 'Mahabo', 4),
	(20, '10420', 'Mahereza', 4),
	(21, '10421', 'Antanetibe', 4),
	(22, '10422', 'Ambohipihaonana', 4),
	(23, '10423', 'Ambato', 4),
	(24, '10424', 'Anjanadoria', 4),
	(25, '10425', 'Avaratsena', 4),
	(26, '10801', 'Andramasina', 8),
	(27, '10802', 'Sabotsy Ambohitromby', 8),
	(28, '10803', 'Andohariana', 8),
	(29, '10804', 'Mandrosoa', 8),
	(30, '10805', 'Alatsinainy Bakaro', 8),
	(31, '10806', 'Antotohazo', 8),
	(32, '10807', 'Ambohimiadana', 8),
	(33, '10808', 'Tankafatra', 8),
	(34, '10809', 'Alarobia Vatosola', 8),
	(35, '10810', 'Fitsinjovana Bakaro', 8),
	(36, '10811', 'Sabotsy Manjakavahoaka', 8),
	(37, '10812', 'Anosibe Trimoloharano', 8),
	(38, '10501', 'Ankazobe', 5),
	(39, '10502', 'Talata Angavo', 5),
	(40, '10503', 'Ambohitromby', 5),
	(41, '10504', 'Antotohazo', 5),
	(42, '10505', 'Marondry', 5),
	(43, '10506', 'Fihaonana', 5),
	(44, '10507', 'Mahavelona', 5),
	(45, '10508', 'Fiadanana', 5),
	(46, '10509', 'Tsaramasoandro', 5),
	(47, '10510', 'Ambolotarakely', 5),
	(48, '10511', 'Antakavana', 5),
	(49, '10512', 'Kiangara', 5),
	(50, '10513', 'Miantso', 5),
	(51, '10201', 'Ampitatafika', 2),
	(52, '10202', 'Anosizato Andrefana', 2),
	(53, '10203', 'Andranonahoatra', 2),
	(54, '10204', 'Ambohidrapeto', 2),
	(55, '10205', 'Bemasoandro', 2),
	(56, '10206', 'Fiombonana', 2),
	(57, '10207', 'Itaosy', 2),
	(58, '10208', 'Ambavahaditokana', 2),
	(59, '10209', 'Tanjombato', 2),
	(60, '10210', 'Andoharanofotsy', 2),
	(61, '10211', 'Ankaraobato', 2),
	(62, '10212', 'Soalandy', 2),
	(63, '10213', 'Antanetikely', 2),
	(64, '10214', 'Alatsinainy Ambazaha', 2),
	(65, '10215', 'Ampanefy', 2),
	(66, '10216', 'Ankadimanga', 2),
	(67, '10217', 'Fenoarivo', 2),
	(68, '10218', 'Alakamisy Fenoarivo', 2),
	(69, '10219', 'Soavina', 2),
	(70, '10220', 'Ambohijanaka', 2),
	(71, '10221', 'Ampahitrosy', 2),
	(72, '10222', 'Bongatsara', 2),
	(73, '10223', 'Androhibe', 2),
	(74, '10224', 'Tsiafahy', 2),
	(75, '10225', 'Ambalavao', 2),
	(76, '10226', 'Ambatofahavalo', 2),
	(77, '10301', 'Alasora', 3),
	(78, '10302', 'Aankadikely Ilafy', 3),
	(79, '10303', 'Ambohimanambola', 3),
	(80, '10304', 'Sabotsy Namehana', 3),
	(81, '10305', 'Ambohimangakely', 3),
	(82, '10306', 'Manandriana', 3),
	(83, '10307', 'Ambohimalaza Miray', 3),
	(84, '10308', 'Fiaferana', 3),
	(85, '10309', 'Ambohimanga Rova', 3),
	(86, '10310', 'Viliahazo', 3),
	(87, '10311', 'Talata Volonondry', 3),
	(88, '10312', 'Anjeva Gara', 3),
	(89, '10313', 'Masindray', 3),
	(90, '10314', 'Ankadinandriana', 3),
	(91, '10101', '1ER Arrondissement', 1),
	(92, '10102', '2E Arrondissement', 1),
	(93, '10103', '3E Arrondissement', 1),
	(94, '10104', '4E Arrondissement', 1),
	(95, '10105', '5E Arrondissement', 1),
	(96, '10106', '6E Arrondissement', 1),
	(97, '10701', 'Manjakandriana', 7),
	(98, '10702', 'Ambatolaona', 7),
	(99, '10703', 'Sambaina', 7),
	(100, '10704', 'Ambohibary', 7),
	(101, '10705', 'Ambatomanga', 7),
	(102, '10706', 'Alarobia', 7),
	(103, '10707', 'Mantasoa', 7),
	(104, '10708', 'Ranovao', 7),
	(105, '10709', 'Miadanandriana', 7),
	(106, '10710', 'Nandihizana', 7),
	(107, '10711', 'Anjepy', 7),
	(108, '10712', 'Ambanitsena', 7),
	(109, '10713', 'Ambohitrandriamanitra', 7),
	(110, '10714', 'Ambatomena', 7),
	(111, '10715', 'Ambohibao Sud', 7),
	(112, '10716', 'Ambohitseheno', 7),
	(113, '10717', 'Antsahalalina', 7),
	(114, '10718', 'Ambohitrony', 7),
	(115, '10719', 'Merikanjaka', 7),
	(116, '10720', 'Anjoma Betoho', 7),
	(117, '10721', 'Ankazondandy', 7),
	(118, '10722', 'Soavinandriana', 7),
	(119, '10723', 'Ambohitrolomahitsy', 7),
	(120, '10724', 'Ampaneva', 7),
	(121, '10725', 'Sadabe', 7),
	(122, '10601', 'Anjozorobe', 6),
	(123, '10602', 'Mangamila', 6),
	(124, '10603', 'Ambongamarina', 6),
	(125, '10604', 'Tsarasaotra', 6),
	(126, '10605', 'Ambohimanarina Marovazaha', 6),
	(127, '10606', 'Betatao', 6),
	(128, '10607', 'Alakamisy', 6),
	(129, '10608', 'Analaroa', 6),
	(130, '10609', 'Antanetibe', 6),
	(131, '10610', 'Belanitra', 6),
	(132, '10611', 'Ambatomanoina', 6),
	(133, '10612', 'Amparatanjona', 6),
	(134, '10613', 'Amboasary Nord', 6),
	(135, '10614', 'Androvakely', 6),
	(136, '10615', 'Ambohibary Vohilena', 6),
	(137, '10616', 'Ambohimirary', 6),
	(138, '10617', 'Marotsipoy', 6),
	(139, '10618', 'Beronono', 6),
	(140, '20101', 'Arivonimamo I', 9),
	(141, '20102', 'Arivonimamo II', 9),
	(142, '20103', 'Ambohitrambo', 9),
	(143, '20104', 'Ampahimanga', 9),
	(144, '20105', 'Amboanana', 9),
	(145, '20106', 'Morafeno', 9),
	(146, '20107', 'Imerintsiatosika', 9),
	(147, '20108', 'Morarano', 9),
	(148, '20109', 'Ambatomirahavavy', 9),
	(149, '20110', 'Ambatomanga', 9),
	(150, '20111', 'Manalalondo', 9),
	(151, '20112', 'Antenimbe', 9),
	(152, '20113', 'Alakamisikely', 9),
	(153, '20114', 'Mahatsinjo Est', 9),
	(154, '20115', 'Marofangady', 9),
	(155, '20116', 'Rambolamasoandro Andranomiely', 9),
	(156, '20117', 'Ambohimandry', 9),
	(157, '20118', 'Antambolo', 9),
	(158, '20119', 'Ambohimasina', 9),
	(159, '20120', 'Ambohipandrano', 9),
	(160, '20121', 'Miandrandra', 9),
	(161, '20122', 'Miantsoarivo', 9),
	(162, '20201', 'Miarinarivo I', 10),
	(163, '20202', 'Miarinarivo II', 10),
	(164, '20203', 'Ambatomanjaka', 10),
	(165, '20204', 'Manazary', 10),
	(166, '20205', 'Antoby Est', 10),
	(167, '20206', 'Soamahamanina', 10),
	(168, '20207', 'Analavory', 10),
	(169, '20208', 'Alatsinainikely', 10),
	(170, '20209', 'Mandiavato', 10),
	(171, '20210', 'Anosibe Ifanja', 10),
	(172, '20211', 'Sarobaratra Ifanja', 10),
	(173, '20212', 'Zoma Bealoka', 10),
	(174, '20213', 'Soavimbazaha', 10),
	(175, '20214', 'Andolofotsy', 10),
	(176, '20301', 'Soavinandriana', 11),
	(177, '20302', 'Dondona', 11),
	(178, '20303', 'Ampary', 11),
	(179, '20304', 'Mananasy', 11),
	(180, '20305', 'Masindray', 11),
	(181, '20306', 'Amparibohitra', 11),
	(182, '20307', 'Ampefy', 11),
	(183, '20308', 'Antanetibe', 11),
	(184, '20309', 'Amparaky', 11),
	(185, '20310', 'Amberomanga', 11),
	(186, '20311', 'Ankaranana', 11),
	(187, '20312', 'Mahavelona', 11),
	(188, '20313', 'Ankisabe', 11),
	(189, '20314', 'Ambatoasana Centre', 11),
	(190, '20315', 'Tamponala', 11),
	(191, '40101', 'Ambatolampy', 14),
	(192, '40102', 'Morarano', 14),
	(193, '40103', 'Ambohipihaonana', 14),
	(194, '40104', 'Manjakatompo', 14),
	(195, '40105', 'Ambatondrakalavao', 14),
	(196, '40106', 'Andriambilany', 14),
	(197, '40107', 'Belambo Firaisana', 14),
	(198, '40108', 'Andravola Vohipeno', 14),
	(199, '40109', 'Tsiafajavona Ankaratra', 14),
	(200, '40110', 'Ambodifarihy Fenomanana', 14),
	(201, '40111', 'Sabotsy Namatoana', 14),
	(202, '40112', 'Antanimasaka', 14),
	(203, '40113', 'Behenjy', 14),
	(204, '40114', 'Antsampandrano', 14),
	(205, '40115', 'Antanamalaza', 14),
	(206, '40116', 'Antakasina', 14),
	(207, '40117', 'Tsinjoarivo', 14),
	(208, '40118', 'Andranovelona', 14),
	(209, '40201', 'Antanifotsy', 15),
	(210, '40202', 'Ambatolahy', 15),
	(211, '40203', 'Ampitatafika', 15),
	(212, '40204', 'Ambatomiady', 15),
	(213, '40205', 'Andranofito', 15),
	(214, '40206', 'Ambohimandroso', 15),
	(215, '40207', 'Ambatotsipihina', 15),
	(216, '40208', 'Ambohitompoina', 15),
	(217, '40209', 'Belanitra', 15),
	(218, '40210', 'Antsahalava', 15),
	(219, '40211', 'Ambodiriana', 15),
	(220, '40212', 'Antsampandrano', 15),
	(221, '40301', 'Antsenakely Andraikiba', 16),
	(222, '40302', 'Ampatana Mandriankeniheny', 16),
	(223, '40303', 'Soamalaza Mahatsinjo', 16),
	(224, '40304', 'Antsirabe Afovoany Atsinanana', 16),
	(225, '40305', 'Manodidina ny Gara Ambilombe', 16),
	(226, '40306', 'Mahazoarivo Avarabohitra', 16),
	(227, '40401', 'Ambano', 17),
	(228, '40402', 'Belazao', 17),
	(229, '40403', 'Alakamisy', 17),
	(230, '40404', 'Antanimandry', 17),
	(231, '40405', 'Vinaninkarena', 17),
	(232, '40406', 'Andranomanelatra', 17),
	(233, '40407', 'Ambohidranandriana', 17),
	(234, '40408', 'Ambohimiarivo', 17),
	(235, '40409', 'Ambohitsimanova', 17),
	(236, '40410', 'Mangarano', 17),
	(237, '40411', 'Manandona', 17),
	(238, '40412', 'Antsoatany', 17),
	(239, '40413', 'Alatsinainy Ibity', 17),
	(240, '40414', 'Sahanivotry Manandona', 17),
	(241, '40415', 'Soanindrariny', 17),
	(242, '40416', 'Ambatomena', 17),
	(243, '40417', 'Ambohibary', 17),
	(244, '40418', 'Mandrosohasina', 17),
	(245, '40419', 'Tsarahonenana Sahanivotry', 17),
	(246, '40420', 'Antanambao', 17),
	(247, '40501', 'Betafo', 18),
	(248, '40502', 'Andranomafana', 18),
	(249, '40503', 'Mandritsara', 18),
	(250, '40504', 'Alakamisy Anativato', 18),
	(251, '40505', 'Antsoso', 18),
	(252, '40506', 'Tritriva', 18),
	(253, '40507', 'Soavina', 18),
	(254, '40508', 'Manohisoa', 18),
	(255, '40509', 'Ambatonikolahy', 18),
	(256, '40510', 'Antohobe', 18),
	(257, '40511', 'Mahaiza', 18),
	(258, '40512', 'Anosiarivo Manapa', 18),
	(259, '40513', 'Alakamisy Marososona', 18),
	(260, '40514', 'Ambohimanambola', 18),
	(261, '40515', 'Ambohimasina', 18),
	(262, '40516', 'Inanantonana', 18),
	(263, '40517', 'Alarobia Bemaha', 18),
	(264, '40518', 'Andrembesoa', 18),
	(265, '40601', 'Faratsiho', 19),
	(266, '40602', 'Antsampanimahazo', 19),
	(267, '40603', 'Faravohitra', 19),
	(268, '40604', 'Ramainandro', 19),
	(269, '40605', 'Andranomiady', 19),
	(270, '40606', 'Vinaninony Atsimo', 19),
	(271, '40607', 'Ambohiborona', 19),
	(272, '40608', 'Miandrarivo', 19),
	(273, '40609', 'Valabetokana', 19),
	(274, '40701', 'Mandoto', 20),
	(275, '40702', 'Betsohana', 20),
	(276, '40703', 'Antanambao Ambary', 20),
	(277, '40704', 'Anjoma Ramartina', 20),
	(278, '40705', 'Ankazomiriotra', 20),
	(279, '40706', 'Fidirana', 20),
	(280, '40707', 'Vasiana', 20),
	(281, '40708', 'Vinany', 20),
	(282, '60101', 'Ambalavao', 21),
	(283, '60102', 'Manamisoa', 21),
	(284, '60103', 'Iarintsena', 21),
	(285, '60104', 'Ambohimandroso', 21),
	(286, '60105', 'Andrainjato', 21),
	(287, '60106', 'Anjoma', 21),
	(288, '60107', 'Kirano', 21),
	(289, '60108', 'Sendrisoa', 21),
	(290, '60109', 'Besoa', 21),
	(291, '60110', 'Mahazony', 21),
	(292, '60111', 'Ambinanindovoka', 21),
	(293, '60112', 'Ankaramena', 21),
	(294, '60113', 'Ambinaniroa', 21),
	(295, '60114', 'Ambohimahamasina', 21),
	(296, '60115', 'Miarinarivo', 21),
	(297, '60116', 'Vohitsaoka', 21),
	(298, '60117', 'Fenoarivo', 21),
	(299, '60201', 'Ambohimahasoa', 22),
	(300, '60202', 'Ampitana', 22),
	(301, '60203', 'Ankerana', 22),
	(302, '60204', 'Man21', 22),
	(303, '60205', 'Ambalakindresy', 22),
	(304, '60206', 'Ankafina Tsarafidy', 22),
	(305, '60207', 'Sahave', 22),
	(306, '60208', 'Morafeno', 22),
	(307, '60209', 'Ikalalao', 22),
	(308, '60210', 'Vohiposa', 22),
	(309, '60211', 'Ambatosoa', 22),
	(310, '60212', 'Isaka', 22),
	(311, '60213', 'Vohitrarivo', 22),
	(312, '60214', 'Ambohinamboarina', 22),
	(313, '60215', 'Sahatona', 22),
	(314, '60216', 'Camp Robin', 22),
	(315, '60217', 'Befeta', 22),
	(316, '60218', 'Fiadanana', 22),
	(317, '60301', 'Tanana Ambony', 23),
	(318, '60302', 'Tanana Ambany', 23),
	(319, '60303', 'Andrainjato Avaratra', 23),
	(320, '60304', 'Andrainjato Sud', 23),
	(321, '60305', 'Manolafaka', 23),
	(322, '60306', 'Lalazana', 23),
	(323, '60307', 'Vatosola', 23),
	(324, '60401', 'Ikalamavony', 24),
	(325, '60402', 'Mangidy', 24),
	(326, '60403', 'Solila', 24),
	(327, '60404', 'Ambatomainty', 24),
	(328, '60405', 'Fitampito', 24),
	(329, '60406', 'Tanamarina Sakay', 24),
	(330, '60407', 'Tsitondroina', 24),
	(331, '60408', 'Tanamarina Bekisopa', 24),
	(332, '60501', 'Isorana', 25),
	(333, '60502', 'Anjoma Itsara', 25),
	(334, '60503', 'Andoharanomaitso', 25),
	(335, '60504', 'Ambondrona', 25),
	(336, '60505', 'Ambalamidera II', 25),
	(337, '60506', 'Ankarinarivo Manirisoa', 25),
	(338, '60507', 'Soatanana', 25),
	(339, '60508', 'Nasandratrony', 25),
	(340, '60509', 'Mahazoarivo', 25),
	(341, '60510', 'Fanjakana', 25),
	(342, '60511', 'Iavonomby Vohibola', 25),
	(343, '60601', 'Andrainjato Centre', 26),
	(344, '60602', 'Andrainjato Est', 26),
	(345, '60603', 'Ambalakely', 26),
	(346, '60604', 'Ivoamba', 26),
	(347, '60605', 'Taindambo', 26),
	(348, '60606', 'Mahatsinjony', 26),
	(349, '60607', 'Sahambavy', 26),
	(350, '60608', 'Ambalamahasoa', 26),
	(351, '60609', 'Alakamisy Ambohimaha', 26),
	(352, '60610', '21', 26),
	(353, '60611', 'Alatsinainy Ialamarina', 26),
	(354, '60612', 'Fandrandava', 26),
	(355, '60613', 'Ialananindro', 26),
	(356, '60701', 'Mahasoabe', 27),
	(357, '60702', 'Vinanitelo', 27),
	(358, '60703', 'Alakamisy Itenina', 27),
	(359, '60704', 'Talata Ampano', 27),
	(360, '60705', 'Ihazoara', 27),
	(361, '60706', 'Ankaromalaza Mifanasoa', 27),
	(362, '60707', 'Vohimarina', 27),
	(363, '60708', 'Maneva', 27),
	(364, '60709', 'Vohitrafeno', 27),
	(365, '60710', 'Andranovorivato', 27),
	(366, '60711', 'Vohibato Ouest', 27),
	(367, '60712', 'Andranomiditra', 27),
	(368, '60713', 'Soaindrana', 27),
	(369, '60714', 'Mahaditra', 27),
	(370, '90101', 'Iakora', 52),
	(371, '90102', '', 52),
	(372, '90103', 'Ranotsara Nord', 52),
	(373, '90104', 'Begogo', 52),
	(374, '90201', 'Ihosy', 53),
	(375, '90202', 'Ankily', 53),
	(376, '90203', 'Ambia', 53),
	(377, '90204', 'Tolohomiady', 53),
	(378, '90205', 'Irina', 53),
	(379, '90206', 'Sahambano', 53),
	(380, '90207', 'Analaliry', 53),
	(381, '90208', 'Mahasoa', 53),
	(382, '90209', 'Ambatolahy', 53),
	(383, '90210', 'Soamatasy', 53),
	(384, '90211', 'Zazafotsy', 53),
	(385, '90212', 'Antsoha', 53),
	(386, '90213', 'Sakalalina', 53),
	(387, '90214', 'Satrokala', 53),
	(388, '90215', 'Andiolava', 53),
	(389, '90216', 'Analavoka', 53),
	(390, '90217', 'Ranohira', 53),
	(391, '90218', 'Ilakaka', 53),
	(392, '90219', 'Menamaty Iloto', 53),
	(393, '90301', 'Ivohibe', 54),
	(394, '90302', 'Antambohobe', 54),
	(395, '90303', 'Maropaika', 54),
	(396, '90304', 'Ivongo', 54),
	(397, '50101', 'Ambatofinandrahana', 28),
	(398, '50102', 'Itremo', 28),
	(399, '50103', 'Fenoarivo', 28),
	(400, '50104', 'Soavina', 28),
	(401, '50105', 'Ambondromisotra', 28),
	(402, '50106', 'Ambatomifanongoa', 28),
	(403, '50107', 'Amborompotsy', 28),
	(404, '50108', 'Mandrosonoro', 28),
	(405, '50109', 'Mangataboahangy', 28),
	(406, '50201', 'Ambositra I', 29),
	(407, '50202', 'Ambositra II', 29),
	(408, '50203', 'Ankazoambo', 29),
	(409, '50204', 'Ivony Miaramiasa', 29),
	(410, '50205', 'Andina', 29),
	(411, '50206', 'Imerina Imady', 29),
	(412, '50207', 'Ivato', 29),
	(413, '50208', 'Tsarasaotra', 29),
	(414, '50209', 'Marosoa', 29),
	(415, '50210', 'Fahizay', 29),
	(416, '50211', 'Alakamisy Ambohijato', 29),
	(417, '50212', 'Kianjandrakefina', 29),
	(418, '50213', 'Ambalamanakana', 29),
	(419, '50214', 'Ilaka Centre', 29),
	(420, '50215', 'Ihadilanana', 29),
	(421, '50216', 'Ambatofitorahana', 29),
	(422, '50217', 'Antoetra', 29),
	(423, '50218', 'Mahazina Ambohipierenana', 29),
	(424, '50219', 'Sahatsiho Ambohimanjaka', 29),
	(425, '50220', 'Ambohimitombo I', 29),
	(426, '50221', 'Ambohimitombo II', 29),
	(427, '50222', 'Ambinanindrano', 29),
	(428, '50223', 'Vohidahy', 29),
	(429, '50301', 'Fandriana', 30),
	(430, '50302', 'Milamaina', 30),
	(431, '50303', 'Sahamadio Fisakana', 30),
	(432, '50304', 'Fiadanana', 30),
	(433, '50305', 'Tsarazaza', 30),
	(434, '50306', 'Tatamalaza', 30),
	(435, '50307', 'Ankarinoro', 30),
	(436, '50308', 'Sandrandahy', 30),
	(437, '50309', 'Mahazoarivo', 30),
	(438, '50310', 'Miarinavaratra', 30),
	(439, '50311', 'Betsimisotra', 30),
	(440, '50312', 'Alakamisy Ambohimahazo', 30),
	(441, '50313', 'Imito', 30),
	(442, '50401', 'Ambovombe Centre', 31),
	(443, '50402', 'Ambohimahazo', 31),
	(444, '50403', 'Anjoma Nandihizana', 31),
	(445, '50404', 'Ambohimilanja', 31),
	(446, '50405', 'Ambohipo', 31),
	(447, '50406', 'Anjoman\'ankona', 31),
	(448, '50407', 'Vinany Andakatanikely', 31),
	(449, '50408', 'Talata Vohimena', 31),
	(450, '50409', 'Ambatomarina', 31),
	(451, '50410', 'Andakatany', 31),
	(452, '70101', 'Befotaka Sud', 32),
	(453, '70102', 'Antondabe', 32),
	(454, '70103', 'Marovitsika Sud', 32),
	(455, '70104', 'Antaninarenina', 32),
	(456, '70105', 'Ranotsara Sud', 32),
	(457, '70106', 'Beharena', 32),
	(458, '70107', 'Bekofafa Sud', 32),
	(459, '70201', 'Farafangana', 33),
	(460, '70202', 'Vohimasy', 33),
	(461, '70203', 'Anosivelo', 33),
	(462, '70204', '20 Tsararafa', 33),
	(463, '70205', 'Vohitromby', 33),
	(464, '70206', 'Ivandrika', 33),
	(465, '70207', 'Manambotra Atsimo', 33),
	(466, '70208', 'Mahavelo', 33),
	(467, '70209', 'Mahafasa Centre', 33),
	(468, '70210', 'Amporoforo', 33),
	(469, '70211', 'Iabohazo', 33),
	(470, '70212', 'Tangainony', 33),
	(471, '70213', 'Beretra Bevoay', 33),
	(472, '70214', 'Ambohigogo', 33),
	(473, '70215', 'Maheriraty', 33),
	(474, '70216', 'Mahabo Mananivo', 33),
	(475, '70217', 'Ambohimandroso', 33),
	(476, '70218', 'Ankarana Miraihina', 33),
	(477, '70219', 'Evato', 33),
	(478, '70220', 'Etrotroka Atsimo', 33),
	(479, '70221', 'Ambalavato Nord', 33),
	(480, '70222', 'Efatsy', 33),
	(481, '70223', 'Tovona', 33),
	(482, '70224', 'Ambalatany', 33),
	(483, '70225', 'Namohora Iaborano', 33),
	(484, '70226', 'Sahamadio', 33),
	(485, '70227', 'Fenoarivo', 33),
	(486, '70228', 'Antseranambe', 33),
	(487, '70229', '9', 33),
	(488, '70230', 'Ambalavato Antevato', 33),
	(489, '70231', 'Vohilengo', 33),
	(490, '70232', 'Marovandrika', 33),
	(491, '70301', 'Nosifeno', 34),
	(492, '70302', 'Ankazovelo', 34),
	(493, '70303', 'Andranolalina', 34),
	(494, '70304', 'Maliorano', 34),
	(495, '70305', 'Ivondro', 34),
	(496, '70306', 'Soakibany', 34),
	(497, '70401', 'Vangaindrano', 35),
	(498, '70402', 'Ampasimalemy', 35),
	(499, '70403', 'Tsianofana', 35),
	(500, '70404', 'Bekaraoky', 35),
	(501, '70405', 'Tsiately', 35),
	(502, '70406', 'Soamanova', 35),
	(503, '70407', 'Lopary', 35),
	(504, '70408', 'Bema', 35),
	(505, '70409', 'Vohitrambo', 35),
	(506, '70410', 'Anilobe', 35),
	(507, '70411', 'Lohafary', 35),
	(508, '70412', 'Ampataka', 35),
	(509, '70413', 'Matanga', 35),
	(510, '70414', 'Masianaka', 35),
	(511, '70415', 'Vohipaho', 35),
	(512, '70416', 'Marokibo', 35),
	(513, '70417', 'Ranomena', 35),
	(514, '70418', 'Ambongo', 35),
	(515, '70419', 'Ambatolava', 35),
	(516, '70420', 'Iara', 35),
	(517, '70421', 'Bevata', 35),
	(518, '70422', 'Karimbary', 35),
	(519, '70423', 'Manambondro', 35),
	(520, '70424', 'Fenoambany', 35),
	(521, '70425', 'Isahara', 35),
	(522, '70426', 'Vohimalaza', 35),
	(523, '70427', 'Vatanato', 35),
	(524, '70428', 'Amparihy Est', 35),
	(525, '70429', 'Sandravinany', 35),
	(526, '70501', 'Vondrozo', 36),
	(527, '70502', 'Manambidala', 36),
	(528, '70503', 'Anandravy', 36),
	(529, '70504', 'Mahatsinjo', 36),
	(530, '70505', 'Mahazoarivo', 36),
	(531, '70506', 'Iamonta', 36),
	(532, '70507', 'Vohimary', 36),
	(533, '70508', 'Antokonala', 36),
	(534, '70509', 'Ambohimana', 36),
	(535, '70510', 'Karianga', 36),
	(536, '70511', 'Manato', 36),
	(537, '70512', 'Ivato', 36),
	(538, '70513', 'Mahavelo', 36),
	(539, '70514', 'Andakana', 36),
	(540, '70515', 'Moroteza', 36),
	(541, '70516', 'Vohiboreka', 36),
	(542, '80101', 'Ifana13', 37),
	(543, '80102', 'Antaretra', 37),
	(544, '80103', 'Tsaratanana', 37),
	(545, '80104', 'Ranomafana', 37),
	(546, '80105', 'Kelilalina', 37),
	(547, '80106', 'Androrangavola', 37),
	(548, '80107', 'Marotoko', 37),
	(549, '80108', 'Ambohimiera', 37),
	(550, '80109', 'Antsindra', 37),
	(551, '80110', 'Ambohimanga Du Sud', 37),
	(552, '80111', 'Analampasina', 37),
	(553, '80112', 'Fasintsara', 37),
	(554, '80113', 'Maroharatra', 37),
	(555, '80201', 'Ikongo', 38),
	(556, '80202', 'Ambolomadinika', 38),
	(557, '80203', 'Ambatofotsy', 38),
	(558, '80204', 'Belemoka', 38),
	(559, '80205', 'Maromiandra', 38),
	(560, '80206', 'Manampatrana', 38),
	(561, '80207', 'Ambinanitromby', 38),
	(562, '80208', 'Ifanirea', 38),
	(563, '80209', 'Tanakambana', 38),
	(564, '80210', 'Sahalanona', 38),
	(565, '80211', 'Tolongoina', 38),
	(566, '80212', 'Ambohimisafy', 38),
	(567, '80213', 'Ankarimbelo', 38),
	(568, '80214', 'Antodinga', 38),
	(569, '80215', 'Kalafotsy', 38),
	(570, '80301', 'Manakara', 39),
	(571, '80302', 'Tataho', 39),
	(572, '80303', 'Mangatsiotra', 39),
	(573, '80304', 'Marofarihy', 39),
	(574, '80305', 'Anosiala', 39),
	(575, '80306', 'Ambila', 39),
	(576, '80307', 'Sorombo', 39),
	(577, '80308', 'Mizilo Gara', 39),
	(578, '80309', 'Ambohitsara M', 39),
	(579, '80310', 'Sahasinaka', 39),
	(580, '80311', 'Sahanambohitra', 39),
	(581, '80312', 'Ambahatrazo', 39),
	(582, '80313', 'Amboanjo', 39),
	(583, '80314', 'Anorombato', 39),
	(584, '80315', 'Vohimasy', 39),
	(585, '80316', 'Lokomby', 39),
	(586, '80317', 'Vatana', 39),
	(587, '80318', 'Sakoana', 39),
	(588, '80319', 'Ambahive', 39),
	(589, '80320', 'Ambandrika', 39),
	(590, '80321', 'Ambalaroka', 39),
	(591, '80322', 'Vohimanitra', 39),
	(592, '80323', 'Mitanty', 39),
	(593, '80324', 'Analavory', 39),
	(594, '80325', 'Bekatra', 39),
	(595, '80326', 'Vinanitelo', 39),
	(596, '80327', 'Ampasimanjeva', 39),
	(597, '80328', 'Ambotaka', 39),
	(598, '80329', 'Nihaonana', 39),
	(599, '80330', 'Mavorano', 39),
	(600, '80331', 'Vohimasina Nord', 39),
	(601, '80332', 'Vohimasina Sud', 39),
	(602, '80333', 'Betampona', 39),
	(603, '80334', 'Vohilava', 39),
	(604, '80335', 'Fenomby', 39),
	(605, '80336', 'Ambalavero', 39),
	(606, '80337', 'Amborondra', 39),
	(607, '80338', 'Mahabako', 39),
	(608, '80339', 'Onilahy', 39),
	(609, '80340', 'Mahamaibe', 39),
	(610, '80341', 'Kianjanomby', 39),
	(611, '80342', 'Ampasimpotsy Sud', 39),
	(612, '80343', 'Anteza', 39),
	(613, '80344', 'Saharefo', 39),
	(614, '80345', 'Ampasimboraka', 39),
	(615, '80401', 'Mananjary', 40),
	(616, '80402', 'Tsaravary', 40),
	(617, '80403', 'Ankatafana', 40),
	(618, '80404', 'Mahatsara Sud', 40),
	(619, '80405', 'Tsiatosika', 40),
	(620, '80406', 'Mahatsara Iefaka', 40),
	(621, '80407', 'Marokarima', 40),
	(622, '80408', 'Morafeno', 40),
	(623, '80409', 'Antsenavolo', 40),
	(624, '80410', 'Marosangy', 40),
	(625, '80411', 'Ambohimiarina II', 40),
	(626, '80412', 'Andranambolava', 40),
	(627, '80413', 'Vohilava', 40),
	(628, '80414', 'Mahela', 40),
	(629, '80415', 'Ambohitsara Est', 40),
	(630, '80416', 'Mahavoky Nord', 40),
	(631, '80417', 'Andonabe', 40),
	(632, '80418', 'Ambohinihaonana', 40),
	(633, '80419', 'Marofototra', 40),
	(634, '80420', 'Andranomavo', 40),
	(635, '80421', 'Vatohandrina', 40),
	(636, '80422', 'Ambalahosy Nord', 40),
	(637, '80423', 'Ambodinonoka', 40),
	(638, '80424', 'Antaretra', 40),
	(639, '80425', 'Kianjavato', 40),
	(640, '80426', 'Sandrohy', 40),
	(641, '80427', 'Anosimparihy', 40),
	(642, '80428', 'Manakana Nord', 40),
	(643, '80429', 'Namorona', 40),
	(644, '80501', 'Nosy Varika', 41),
	(645, '80502', 'Ambahy', 41),
	(646, '80503', 'Andara', 41),
	(647, '80504', 'Fiadanana', 41),
	(648, '80505', 'Ambodirian\'i Sahafary', 41),
	(649, '80506', 'Sahavato', 41),
	(650, '80507', 'Vohilava', 41),
	(651, '80508', 'Vohitrandriana', 41),
	(652, '80509', 'Vohidroa', 41),
	(653, '80510', 'Ambakobe', 41),
	(654, '80511', 'Soavina', 41),
	(655, '80512', 'Ambodilafa', 41),
	(656, '80513', 'Androrangavola', 41),
	(657, '80514', 'Ampasinambo', 41),
	(658, '80515', 'Antanambao', 41),
	(659, '80516', 'Angodongodona', 41),
	(660, '80517', 'Befody', 41),
	(661, '80518', 'Ambodiara', 41),
	(662, '80601', 'Vohipeno', 42),
	(663, '80602', 'Vohitrindry', 42),
	(664, '80603', 'Vohindava', 42),
	(665, '80604', 'Ivato', 42),
	(666, '80605', '14na', 42),
	(667, '80606', 'Anoloka', 42),
	(668, '80607', 'Mahabo', 42),
	(669, '80608', 'Ankarimbary', 42),
	(670, '80609', 'Lanivo', 42),
	(671, '80610', 'Nato', 42),
	(672, '80611', 'Mahasoabe', 42),
	(673, '80612', 'Onjatsy', 42),
	(674, '80613', 'Vohilany', 42),
	(675, '80614', 'Andemaka', 42),
	(676, '80615', 'Ifatsy', 42),
	(677, '80616', 'Antananabo', 42),
	(678, '80617', 'Ilakatra', 42),
	(679, '80618', 'Sahalava', 42),
	(680, '80619', 'Mahazoarivo', 42),
	(681, '100101', 'Antanambao Manampontsy', 55),
	(682, '100102', 'Mahela', 55),
	(683, '100103', 'Saivaza', 55),
	(684, '100104', 'Antanandehibe', 55),
	(685, '100105', 'Manakana', 55),
	(686, '100201', 'Brickaville', 56),
	(687, '100202', 'Vohitranivona', 56),
	(688, '100203', 'Anivorano Est', 56),
	(689, '100204', 'Mahatsara', 56),
	(690, '100205', 'Andovoranto', 56),
	(691, '100206', 'Ambinaninony', 56),
	(692, '100207', 'Fetraomby', 56),
	(693, '100208', 'Vohipeno Razanaka', 56),
	(694, '100209', 'Ranomafana Est', 56),
	(695, '100210', 'Ampasimbe', 56),
	(696, '100211', 'Fanasana', 56),
	(697, '100212', 'Ambalarondra', 56),
	(698, '100213', 'Maroseranana', 56),
	(699, '100214', 'Lohariandava', 56),
	(700, '100215', 'Andekaleka', 56),
	(701, '100216', 'Ambohimanana', 56),
	(702, '100217', 'Anjahamana', 56),
	(703, '100301', 'Mahanoro', 57),
	(704, '100302', 'Betsizaraina', 57),
	(705, '100303', 'Tsaravinany', 57),
	(706, '100304', 'Ambodiharina', 57),
	(707, '100305', 'Manjakandriana', 57),
	(708, '100306', 'Masomeloka', 57),
	(709, '100307', 'Ambinanidilana', 57),
	(710, '100308', 'Ambodibonara', 57),
	(711, '100309', 'Ankazotsifantatra', 57),
	(712, '100310', 'Ambinanindrano', 57),
	(713, '100311', 'Befotaka', 57),
	(714, '100401', 'Marolambo', 58),
	(715, '100402', 'Betampona', 58),
	(716, '100403', 'Tanambao Rabemanana', 58),
	(717, '100404', 'Andonabe Sud', 58),
	(718, '100405', 'Ambalapaiso II', 58),
	(719, '100406', 'Ambodivoangy', 58),
	(720, '100407', 'Ambohimilanja', 58),
	(721, '100408', 'Ambatofisaka II', 58),
	(722, '100409', 'Androrangavola', 58),
	(723, '100410', 'Anosiarivo I', 58),
	(724, '100411', 'Amboasary', 58),
	(725, '100412', 'Lohavanana', 58),
	(726, '100413', 'Ambodinonoka', 58),
	(727, '100414', 'Sahakevo', 58),
	(728, '100501', 'Ambodimanga', 59),
	(729, '100502', 'Anjoma', 59),
	(730, '100503', 'Morarano', 59),
	(731, '100504', 'Tanambao V', 59),
	(732, '100505', 'Ankirihiry', 59),
	(733, '100601', 'Toamasina Suburbaine', 60),
	(734, '100602', 'Antetezambaro', 60),
	(735, '100603', 'Fanandrana', 60),
	(736, '100604', 'Ambodiriana', 60),
	(737, '100605', 'Ampasimadinika Manambolo', 60),
	(738, '100606', 'Amboditandroroho', 60),
	(739, '100607', 'Mahavelona (Foulpointe)', 60),
	(740, '100608', 'Sahambala', 60),
	(741, '100609', 'Ambodilazana', 60),
	(742, '100610', 'Ampasimbe Onibe', 60),
	(743, '100611', 'Mangabe', 60),
	(744, '100612', 'Amporoforo', 60),
	(745, '100613', 'Antenina', 60),
	(746, '100614', 'Andondabe', 60),
	(747, '100615', 'Ampisokina', 60),
	(748, '100616', 'Andranobolaha', 60),
	(749, '100617', 'Fito', 60),
	(750, '100701', 'Vatomandry', 61),
	(751, '100702', 'Ambodivoananto', 61),
	(752, '100703', 'Maintinandry', 61),
	(753, '100704', 'Tanambao Vahatrakaka', 61),
	(754, '100705', 'Tsarasambo', 61),
	(755, '100706', 'Sahamatevina', 61),
	(756, '100707', 'Antanambao Mahatsara', 61),
	(757, '100708', 'Iamborano', 61),
	(758, '100709', 'Ambalavolo', 61),
	(759, '100710', 'Amboditavolo', 61),
	(760, '100711', 'Niherenana', 61),
	(761, '100712', 'Ilaka Est', 61),
	(762, '100713', 'Niarovana Caroline', 61),
	(763, '100714', 'Tsivangiana', 61),
	(764, '100715', 'Ampasimazava', 61),
	(765, '100716', 'Ampasimadinika', 61),
	(766, '100717', 'Ifasina I', 61),
	(767, '100718', 'Ambalabe', 61),
	(768, '100719', 'Ifasina II', 61),
	(769, '120101', 'Fenerive Est', 67),
	(770, '120102', 'Mahambo', 67),
	(771, '120103', 'Ambodimanga II', 67),
	(772, '120104', 'Ampasina Maningory', 67),
	(773, '120105', 'Ambatoharanana', 67),
	(774, '120106', 'Vohilengo', 67),
	(775, '120107', 'Saranambana', 67),
	(776, '120108', 'Ampasimbe Manantsatrana', 67),
	(777, '120109', 'Miorimivalana', 67),
	(778, '120110', 'Vohipeno', 67),
	(779, '120111', 'Antsiatsiaka', 67),
	(780, '120112', 'Mahanoro', 67),
	(781, '120201', 'Mananara Avaratra', 68),
	(782, '120202', 'Ambodivoanio', 68),
	(783, '120203', 'Imorona', 68),
	(784, '120204', 'Antanambaobe', 68),
	(785, '120205', 'Antanananivo', 68),
	(786, '120206', 'Manambolosy', 68),
	(787, '120207', 'Ambodiampana', 68),
	(788, '120208', 'Sandrakatsy', 68),
	(789, '120209', 'Tanibe', 68),
	(790, '120210', 'Ambatoharanana', 68),
	(791, '120211', 'Antanambe', 68),
	(792, '120212', 'Saromaona', 68),
	(793, '120213', 'Vanono', 68),
	(794, '120214', 'Andasibe I', 68),
	(795, '120301', 'Maroantsetra', 69),
	(796, '120302', 'Anjanazana', 69),
	(797, '120303', 'Manambolo', 69),
	(798, '120304', 'Andranofotsy', 69),
	(799, '120305', 'Antakotako', 69),
	(800, '120306', 'Ankofa', 69),
	(801, '120307', 'Ambinanitelo', 69),
	(802, '120308', 'Anjahana', 69),
	(803, '120309', 'Ambanizana', 69),
	(804, '120310', 'Mahalevona', 69),
	(805, '120311', 'Voloina', 69),
	(806, '120312', 'Ankofabe', 69),
	(807, '120313', 'Antsirabe Sahatany', 69),
	(808, '120314', 'Rantabe', 69),
	(809, '120315', 'Morafeno', 69),
	(810, '120316', 'Androndrono', 69),
	(811, '120317', 'Ambodimanga Rantabe', 69),
	(812, '120318', 'Anandrivola', 69),
	(813, '120401', 'Sainte Marie', 70),
	(814, '120501', 'Soanierana Ivongo', 71),
	(815, '120502', 'Fotsialanana', 71),
	(816, '120503', 'Antanifotsy', 71),
	(817, '120504', 'Ambodiampana', 71),
	(818, '120505', 'Andapafito', 71),
	(819, '120506', 'Ambahoabe', 71),
	(820, '120507', 'Manompana', 71),
	(821, '120508', 'Antenina', 71),
	(822, '120601', 'Vavatenina', 72),
	(823, '120602', 'Maromitety', 72),
	(824, '120603', 'Ambohibe', 72),
	(825, '120604', 'Ampasimazava', 72),
	(826, '120605', 'Anjahambe', 72),
	(827, '120606', 'Ambatoharanana', 72),
	(828, '120607', 'Andasibe', 72),
	(829, '120608', 'Miarinarivo', 72),
	(830, '120609', 'Sahatavy', 72),
	(831, '120610', 'Ambodimangavalo', 72),
	(832, '110101', 'Ambatondrazaka', 62),
	(833, '110102', 'Feramanga Nord', 62),
	(834, '110103', 'Ambatondrazaka Suburbaine', 62),
	(835, '110104', 'Ambandrika', 62),
	(836, '110105', 'Ampitatsimo', 62),
	(837, '110106', 'Ambohitsilaozana', 62),
	(838, '110107', 'Ilafy', 62),
	(839, '110108', 'Manakambahiny Andrefana', 62),
	(840, '110109', 'Antsangasanga', 62),
	(841, '110110', 'Ambatosoratra', 62),
	(842, '110111', 'Andilanatoby', 62),
	(843, '110112', 'Bejofo', 62),
	(844, '110113', 'Didy', 62),
	(845, '110114', 'Imerimandroso', 62),
	(846, '110115', 'Amparihintsokatra', 62),
	(847, '110116', 'Antanandava', 62),
	(848, '110117', 'Andromba', 62),
	(849, '110118', 'Manakambahiny 10', 62),
	(850, '110119', 'Soalazaina', 62),
	(851, '110120', 'Tanambao Besakay', 62),
	(852, '110201', 'Amparafaravola', 63),
	(853, '110202', 'Bedidy', 63),
	(854, '110203', 'Ambohimandroso', 63),
	(855, '110204', 'Sahamamy', 63),
	(856, '110205', 'Ambatomainty', 63),
	(857, '110206', 'Ampasikely', 63),
	(858, '110207', 'Andrebakely Sud', 63),
	(859, '110208', 'Ambohitrarivo', 63),
	(860, '110209', 'Anororo', 63),
	(861, '110210', 'Morarano Chrome', 63),
	(862, '110211', 'Ranomainty', 63),
	(863, '110212', 'Ambohijanahary', 63),
	(864, '110213', 'Tanambe', 63),
	(865, '110214', 'Beanana', 63),
	(866, '110215', 'Vohitsara', 63),
	(867, '110216', 'Amboavory', 63),
	(868, '110217', 'Andilana Nord', 63),
	(869, '110218', 'Ambodimanga', 63),
	(870, '110219', 'Vohimena', 63),
	(871, '110220', 'Andrebakely Nord', 63),
	(872, '110301', 'Andilamena', 64),
	(873, '110302', 'Bemaitso', 64),
	(874, '110303', 'Antanimenabaka', 64),
	(875, '110304', 'Tanananifololahy', 64),
	(876, '110305', 'Maroadabo', 64),
	(877, '110306', 'Marovato', 64),
	(878, '110307', 'Miarinarivo', 64),
	(879, '110308', 'Maitsokely', 64),
	(880, '110401', 'Anosibe An\'ala', 65),
	(881, '110402', 'Ampasimaneva', 65),
	(882, '110403', 'Ampandroantraka', 65),
	(883, '110404', 'Tratramarina', 65),
	(884, '110405', 'Antandrokomby', 65),
	(885, '110406', 'Ambalaomby', 65),
	(886, '110407', 'Niarovana Marosampanana', 65),
	(887, '110408', 'Tsaravinany', 65),
	(888, '110409', 'Longozabe', 65),
	(889, '110410', 'Ambatoharanana', 65),
	(890, '110501', 'Moramanga', 66),
	(891, '110502', 'Ambohibary', 66),
	(892, '110503', 'Ampasimpotsy Gara', 66),
	(893, '110504', 'Andasibe', 66),
	(894, '110505', 'Anosibe Ifody', 66),
	(895, '110506', 'Vodiriana', 66),
	(896, '110507', 'Morarano Gara', 66),
	(897, '110508', 'Belavabary', 66),
	(898, '110509', 'Sabotsy Anjiro', 66),
	(899, '110510', 'Ambohidronono', 66),
	(900, '110511', 'Beforona', 66),
	(901, '110512', 'Ambatovola', 66),
	(902, '110513', 'Lakato', 66),
	(903, '110514', 'Amboasary', 66),
	(904, '110515', 'Fierenana', 66),
	(905, '110516', 'Mandialaza', 66),
	(906, '110517', 'Antaniditra', 66),
	(907, '110518', 'Ampasipotsy Mandialaza', 66),
	(908, '110519', 'Antanandava', 66),
	(909, '110520', 'Mangarivotra', 66),
	(910, '110521', 'Andaingo', 66),
	(911, '150101', 'Ambato Ambarimay', 73),
	(912, '150102', 'Ankijabe', 73),
	(913, '150103', 'Andranofasika', 73),
	(914, '150104', 'Madirovalo', 73),
	(915, '150105', 'Anjiajia', 73),
	(916, '150106', 'Tsaramandroso', 73),
	(917, '150107', 'Ambondromamy', 73),
	(918, '150108', 'Ankirihitra', 73),
	(919, '150109', 'Andranomamy', 73),
	(920, '150110', 'Manerinerina', 73),
	(921, '150111', 'Sitampiky', 73),
	(922, '150201', 'Mahajanga', 74),
	(923, '150202', 'Mahabibo', 74),
	(924, '150301', 'Belobaka', 75),
	(925, '150302', 'Boanamary', 75),
	(926, '150303', 'Ambalakida', 75),
	(927, '150304', 'Betsako', 75),
	(928, '150305', 'Mariarano', 75),
	(929, '150306', 'Bekobay', 75),
	(930, '150307', 'Andranoboka', 75),
	(931, '150308', 'Mahajamba Usine', 75),
	(932, '150309', 'Ambalabe Befanjava', 75),
	(933, '150401', 'Marovoay Ville', 76),
	(934, '150402', 'Ambolomoty', 76),
	(935, '150403', 'Marovoay Banlieue', 76),
	(936, '150404', 'Antanambao Andranolava', 76),
	(937, '150405', 'Anosinalainolona', 76),
	(938, '150406', 'Marosakoa', 76),
	(939, '150407', 'Tsararano', 76),
	(940, '150408', 'Ankazomborona', 76),
	(941, '150409', 'Manaratsandry', 76),
	(942, '150410', 'Antanimasaka', 76),
	(943, '150411', 'Bemaharivo', 76),
	(944, '150412', 'Ankaraobato', 76),
	(945, '150501', 'Mitsinjo', 77),
	(946, '150502', 'Antseza', 77),
	(947, '150503', 'Antongomena Bevary', 77),
	(948, '150504', 'Matsakabanja', 77),
	(949, '150505', 'Katsepy', 77),
	(950, '150506', 'Bekipay', 77),
	(951, '150507', 'Ambarimaninga', 77),
	(952, '150601', 'Soalala', 78),
	(953, '150602', 'Ambohipaky', 78),
	(954, '150603', 'Andranomavo', 78),
	(955, '160101', 'Kandreho', 79),
	(956, '160102', 'Ambaliha', 79),
	(957, '160103', 'Behazomaty', 79),
	(958, '160104', 'Antanimbaribe', 79),
	(959, '160105', 'Betaimboay', 79),
	(960, '160106', 'Andasibe', 79),
	(961, '160201', 'Maevatanana I', 80),
	(962, '160202', 'Maevatanana II', 80),
	(963, '160203', 'Beratsimanina', 80),
	(964, '160204', 'Bemokotra', 80),
	(965, '160205', 'Mahazoma', 80),
	(966, '160206', 'Antsiafabositra', 80),
	(967, '160207', 'Antanimbary', 80),
	(968, '160208', 'Tsararano', 80),
	(969, '160209', 'Ambalajia', 80),
	(970, '160210', 'Ambalanjanakomby', 80),
	(971, '160211', 'Marokoro', 80),
	(972, '160212', 'Maria', 80),
	(973, '160213', 'Andriba', 80),
	(974, '160214', 'Mahatsinjo', 80),
	(975, '160215', 'Morafeno', 80),
	(976, '160216', 'Mangabe', 80),
	(977, '160217', 'Madiromirafy', 80),
	(978, '160301', 'Tsaratanana', 81),
	(979, '160302', 'Bekapaika', 81),
	(980, '160303', 'Tsararova', 81),
	(981, '160304', 'Betrandraka', 81),
	(982, '160305', 'Keliloha', 81),
	(983, '160306', 'Sarobaratra', 81),
	(984, '160307', 'Ampandrana', 81),
	(985, '160308', 'Andriamena', 81),
	(986, '160309', 'Ambakireny', 81),
	(987, '160310', 'Brieville', 81),
	(988, '160311', 'Sakoamadinika', 81),
	(989, '160312', 'Manakana', 81),
	(990, '180101', 'Ambatomainty', 89),
	(991, '180102', 'Bemarivo', 89),
	(992, '180103', 'Sarodrano', 89),
	(993, '180104', 'Marotsialeha', 89),
	(994, '180201', 'Antsalova', 90),
	(995, '180202', 'Soahany', 90),
	(996, '180203', 'Masoarivo', 90),
	(997, '180204', 'Trangahy', 90),
	(998, '180205', 'Bekopaka', 90),
	(999, '180301', 'Besalampy', 91),
	(1000, '180302', 'Ampako', 91),
	(1001, '180303', 'Marovoay Sud', 91),
	(1002, '180304', 'Soanenga', 91),
	(1003, '180305', 'Bekodoka', 91),
	(1004, '180306', 'Ambolodia Sud', 91),
	(1005, '180307', 'Ankasakasa Tsibiray', 91),
	(1006, '180308', 'Mahabe', 91),
	(1007, '180401', 'Maintirano', 92),
	(1008, '180402', 'Mafaijijo', 92),
	(1009, '180403', 'Andabotoka', 92),
	(1010, '180404', 'Betanatanana', 92),
	(1011, '180405', 'Andrea', 92),
	(1012, '180406', 'Ankisatra', 92),
	(1013, '180407', 'Marohazo', 92),
	(1014, '180408', 'Antsondrodava', 92),
	(1015, '180409', 'Belitsaky', 92),
	(1016, '180410', 'Tambohorano', 92),
	(1017, '180411', 'Veromanga', 92),
	(1018, '180412', 'Maromavo', 92),
	(1019, '180413', 'Andranovao', 92),
	(1020, '180414', 'Antsaidoha Bebao', 92),
	(1021, '180415', 'Berevo/Ranobe', 92),
	(1022, '180416', 'Bebaboky Sud', 92),
	(1023, '180417', 'Bemokotra Sud', 92),
	(1024, '180501', 'Morafenobe', 93),
	(1025, '180502', 'Andramy', 93),
	(1026, '180503', 'Beravina', 93),
	(1027, '170101', 'Analalava', 82),
	(1028, '170102', 'Ambarijeby Sud', 82),
	(1029, '170103', 'Ambolobozo', 82),
	(1030, '170104', 'Befotaka Nord', 82),
	(1031, '170105', 'Ambaliha', 82),
	(1032, '170106', 'Maromandia', 82),
	(1033, '170107', 'Marovatolena', 82),
	(1034, '170108', 'Andribavontsona', 82),
	(1035, '170109', 'Angoaka Sud', 82),
	(1036, '170110', 'Marovantaza', 82),
	(1037, '170111', 'Ankaramy', 82),
	(1038, '170112', 'Antonibe', 82),
	(1039, '170113', 'Mahadrodroka', 82),
	(1040, '170201', 'Antsohihy', 83),
	(1041, '170202', 'Ankerika', 83),
	(1042, '170203', 'Ampandriankilandy', 83),
	(1043, '170204', 'Anjalazala', 83),
	(1044, '170205', 'Anahidrano', 83),
	(1045, '170206', 'Ambodimandresy', 83),
	(1046, '170207', 'Anjiamangirana', 83),
	(1047, '170208', 'Ambodimanary', 83),
	(1048, '170209', 'Antsahabe', 83),
	(1049, '170210', 'Ambodimadiro', 83),
	(1050, '170211', 'Andreba', 83),
	(1051, '170212', 'Maroala', 83),
	(1052, '170301', 'Bealanana', 84),
	(1053, '170302', 'Beandrarezona', 84),
	(1054, '170303', 'Antananivo Haut', 84),
	(1055, '170304', 'Antsamaka', 84),
	(1056, '170305', 'Ambatosia', 84),
	(1057, '170306', 'Ambodiampana', 84),
	(1058, '170307', 'Ambatoriha Est', 84),
	(1059, '170308', 'Ambovonomby', 84),
	(1060, '170309', 'Analila', 84),
	(1061, '170310', 'Anjozoromadosy', 84),
	(1062, '170311', 'Mangindrano', 84),
	(1063, '170312', 'Ambararatabe Nord', 84),
	(1064, '170313', 'Ambodisikidy', 84),
	(1065, '170314', 'Ambararata 17', 84),
	(1066, '170315', 'Marotolana', 84),
	(1067, '170316', 'Ambodiadabo M', 84),
	(1068, '170317', 'Ankazotokana', 84),
	(1069, '170318', 'Ambalaromba', 84),
	(1070, '170401', 'Befandriana Nord', 85),
	(1071, '170402', 'Morafeno', 85),
	(1072, '170403', 'Ambodimotso Sud', 85),
	(1073, '170404', 'Tsiamalao', 85),
	(1074, '170405', 'Maroamalona', 85),
	(1075, '170406', 'Tsarahonenana', 85),
	(1076, '170407', 'Antsakanalabe', 85),
	(1077, '170408', 'Ambararata', 85),
	(1078, '170409', 'Ambolidibe Est', 85),
	(1079, '170410', 'Ankarongana', 85),
	(1080, '170411', 'Antsakabary', 85),
	(1081, '170412', 'Matsondakana', 85),
	(1082, '170501', 'Mampikony I', 86),
	(1083, '170502', 'Mampikony II', 86),
	(1084, '170503', 'Ambohitoaka', 86),
	(1085, '170504', 'Ankiririky', 86),
	(1086, '170505', 'Bekoratsaka', 86),
	(1087, '170506', 'Malakialina', 86),
	(1088, '170507', 'Betaramahamay', 86),
	(1089, '170508', 'Komajia', 86),
	(1090, '170509', 'Ampasimatera', 86),
	(1091, '170510', 'Ambodihazoambo', 86),
	(1092, '170601', 'Mandritsara', 87),
	(1093, '170602', 'Antanandava', 87),
	(1094, '170603', 'Antsoha', 87),
	(1095, '170604', 'Tsaratanana', 87),
	(1096, '170605', 'Kalandy', 87),
	(1097, '170606', 'Antsirabe Centre', 87),
	(1098, '170607', 'Antsiatsiaka', 87),
	(1099, '170608', 'Amboaboa', 87),
	(1100, '170609', 'Manampaneva', 87),
	(1101, '170610', 'Ambarikorano', 87),
	(1102, '170611', 'Andratamarina', 87),
	(1103, '170612', 'Ambaripaika', 87),
	(1104, '170613', 'Ambodiamontana Kianga', 87),
	(1105, '170614', 'Ambalakirajy', 87),
	(1106, '170615', 'Tsarajomoka', 87),
	(1107, '170616', 'Antsatramidola', 87),
	(1108, '170617', 'Ankiakabe-Fonoko', 87),
	(1109, '170618', 'Marotandrano', 87),
	(1110, '170619', 'Ambilombe', 87),
	(1111, '170620', 'Andohajango', 87),
	(1112, '170621', 'Anjiabe', 87),
	(1113, '170622', 'Ambohisoa', 87),
	(1114, '170623', 'Ampatakamaroreny', 87),
	(1115, '170624', 'Ankiabe-Salohy', 87),
	(1116, '170625', 'Pont 17', 87),
	(1117, '170626', 'Ambodiadabo', 87),
	(1118, '170627', 'Amborondolo', 87),
	(1119, '170628', 'Antanambaon\'amberina', 87),
	(1120, '170701', 'Port Berge', 88),
	(1121, '170702', 'Ambanjabe', 88),
	(1122, '170703', 'Tsaratanana I', 88),
	(1123, '170704', 'Tsarahasina', 88),
	(1124, '170705', 'Tsiningia', 88),
	(1125, '170706', 'Andranomeva', 88),
	(1126, '170707', 'Amparihy', 88),
	(1127, '170708', 'Leanja', 88),
	(1128, '170709', 'Ambodisakoana', 88),
	(1129, '170710', 'Tsinjomitondraka', 88),
	(1130, '170711', 'Maevaranohely', 88),
	(1131, '170712', 'Marovato', 88),
	(1132, '170713', 'Ambodimahabibo', 88),
	(1133, '170714', 'Ambodivongo', 88),
	(1134, '170715', 'Port Berge II', 88),
	(1135, '130101', 'Ambanja', 43),
	(1136, '130102', 'Benavony', 43),
	(1137, '130103', 'Ambohimena', 43),
	(1138, '130104', 'Antsatsaka', 43),
	(1139, '130105', 'Antranokarany', 43),
	(1140, '130106', 'Djangoa', 43),
	(1141, '130107', 'Antsakoamanondro', 43),
	(1142, '130108', 'Ambalahonko', 43),
	(1143, '130109', 'Ankingameloka', 43),
	(1144, '130110', 'Bemaneviky Haut Sambirano', 43),
	(1145, '130111', 'Ambodimanga Ramena', 43),
	(1146, '130112', 'Maevatanana', 43),
	(1147, '130113', 'Antafiambotry', 43),
	(1148, '130114', 'Maherivaratra', 43),
	(1149, '130115', 'Marovato', 43),
	(1150, '130116', 'Ambohitrandriana', 43),
	(1151, '130117', 'Ambohimarina', 43),
	(1152, '130118', 'Ambaliha', 43),
	(1153, '130119', 'Marotolana', 43),
	(1154, '130120', 'Bemaneviky Ouest', 43),
	(1155, '130121', 'Anorontsangana', 43),
	(1156, '130122', 'Antsirabe', 43),
	(1157, '130123', 'Ankatafa', 43),
	(1158, '130201', 'Ambilobe', 44),
	(1159, '130202', 'Mantaly', 44),
	(1160, '130203', 'Ampondralava', 44),
	(1161, '130204', 'Tanambao Marivorahona', 44),
	(1162, '130205', 'Ambakirano', 44),
	(1163, '130206', 'Ambatoben\'anjavy', 44),
	(1164, '130207', 'Antsaravibe', 44),
	(1165, '130208', 'Antsohimbondrona', 44),
	(1166, '130209', 'Anjiabe Ambony', 44),
	(1167, '130210', 'Ambodibonara', 44),
	(1168, '130211', 'Beramanja', 44),
	(1169, '130212', 'Betsiaka', 44),
	(1170, '130213', 'Ambarakaraka', 44),
	(1171, '130214', 'Anaborano Ifasy', 44),
	(1172, '130215', 'Manambato', 44),
	(1173, '130301', 'Diego Suarez', 45),
	(1174, '130401', 'Ramena', 46),
	(1175, '130402', 'Sakaramy', 46),
	(1176, '130403', 'Antanamitarana', 46),
	(1177, '130404', 'Joffre Ville', 46),
	(1178, '130405', 'Antsahampano', 46),
	(1179, '130406', 'Mahavanona', 46),
	(1180, '130407', 'Mangaoka', 46),
	(1181, '130408', 'Andrafiabe', 46),
	(1182, '130409', 'Anketrakabe', 46),
	(1183, '130410', 'Sadjoavato', 46),
	(1184, '130411', 'Antsalaka', 46),
	(1185, '130412', 'Andranovondronina', 46),
	(1186, '130413', 'Andranofanjava', 46),
	(1187, '130414', 'Mahalina', 46),
	(1188, '130415', 'Ankarongana', 46),
	(1189, '130416', 'Anivorano Nord', 46),
	(1190, '130417', 'Antsoha', 46),
	(1191, '130418', 'Bobasakoa', 46),
	(1192, '130419', 'Ambondrona', 46),
	(1193, '130420', 'Bobakilandy', 46),
	(1194, '130421', 'Mosorolava', 46),
	(1195, '130501', 'Hell-Ville', 47),
	(1196, '130502', 'Ampangorina', 47),
	(1197, '130503', 'Ambatozavavy', 47),
	(1198, '130504', 'Bemanondrobe', 47),
	(1199, '130505', 'Dzamandzar', 47),
	(1200, '140101', 'Andapa', 48),
	(1201, '140102', 'Tanandava', 48),
	(1202, '140103', 'Ankiakabe Nord', 48),
	(1203, '140104', 'Belaoka Marovato', 48),
	(1204, '140105', 'Ambodimanga I', 48),
	(1205, '140106', 'Marovato', 48),
	(1206, '140107', 'Andrakata', 48),
	(1207, '140108', 'Bealampona', 48),
	(1208, '140109', 'Matsohely', 48),
	(1209, '140110', 'Andranomena', 48),
	(1210, '140111', 'Ambalamanasy II', 48),
	(1211, '140112', 'Ambodiangezoka', 48),
	(1212, '140113', 'Betsakotsako Andranotsara', 48),
	(1213, '140114', 'Belaoka Lokoho', 48),
	(1214, '140115', 'Anoviara', 48),
	(1215, '140116', 'Doany', 48),
	(1216, '140117', 'Anjialavabe', 48),
	(1217, '140118', 'Antsahamena', 48),
	(1218, '140201', 'Antalaha Ambonivohitra', 49),
	(1219, '140202', 'Ampahana', 49),
	(1220, '140203', 'Ampohibe', 49),
	(1221, '140204', 'Antombana', 49),
	(1222, '140205', 'Antsahanoro', 49),
	(1223, '140206', 'Antananambo', 49),
	(1224, '140207', 'Marofinaritra', 49),
	(1225, '140208', 'Sarahandrano', 49),
	(1226, '140209', 'Andampy', 49),
	(1227, '140210', 'Ambalabe', 49),
	(1228, '140211', 'Ambinanifaho', 49),
	(1229, '140212', 'Ambohitralanana', 49),
	(1230, '140213', 'Lanjarivo', 49),
	(1231, '140214', 'Antsambalahy', 49),
	(1232, '140215', 'Vinanivao', 49),
	(1233, '140216', 'Ampanavoana', 49),
	(1234, '140301', 'Sambava Cu', 50),
	(1235, '140302', 'Ambohimalaza', 50),
	(1236, '140303', 'Farahalana', 50),
	(1237, '140304', 'Nosiarina', 50),
	(1238, '140305', 'Ambodivoara', 50),
	(1239, '140306', 'Anjinjaomby', 50),
	(1240, '140307', 'Morafeno', 50),
	(1241, '140308', 'Analamaho', 50),
	(1242, '140309', 'Ambohimitsinjo', 50),
	(1243, '140310', 'Anjangoveratra', 50),
	(1244, '140311', 'Andratamarina', 50),
	(1245, '140312', 'Marogaona', 50),
	(1246, '140313', 'Marojala', 50),
	(1247, '140314', 'Antsambaharo', 50),
	(1248, '140315', 'Andrahanjo', 50),
	(1249, '140316', 'Bemanevika', 50),
	(1250, '140317', 'Amboangibe', 50),
	(1251, '140318', 'Andrembona', 50),
	(1252, '140319', 'Antindra', 50),
	(1253, '140320', 'Ambodiampana', 50),
	(1254, '140321', 'Maroambihy', 50),
	(1255, '140322', 'Ambatoafo', 50),
	(1256, '140323', 'Anjialava', 50),
	(1257, '140324', 'Tanambao Daoud', 50),
	(1258, '140325', 'Antsahavaribe', 50),
	(1259, '140326', 'Bevonotra', 50),
	(1260, '210101', 'Ambovombe', 103),
	(1261, '210102', 'Tsimananada', 103),
	(1262, '210103', 'Erada', 103),
	(1263, '210104', 'Anjeky Ankilikira', 103),
	(1264, '210105', 'Ambanisarika', 103),
	(1265, '210106', 'Analamary', 103),
	(1266, '210107', 'Ambohimalaza', 103),
	(1267, '210108', 'Ambonaivo', 103),
	(1268, '210109', 'Maroalomainty', 103),
	(1269, '210110', 'Maroalopoty', 103),
	(1270, '210111', 'Ambondro', 103),
	(1271, '210112', 'Ambazoa', 103),
	(1272, '210113', 'Sihanamaro', 103),
	(1273, '210114', 'Marovato Befeno', 103),
	(1274, '210115', 'Antanimora Atsimo', 103),
	(1275, '210116', 'Andalat20', 103),
	(1276, '210117', 'Ampamata', 103),
	(1277, '210118', 'Jafaro', 103),
	(1278, '210119', 'Imanombo', 103),
	(1279, '210201', 'Morafeno Bekily', 104),
	(1280, '210202', 'Ankaranabo Nord', 104),
	(1281, '210203', 'Besakoa', 104),
	(1282, '210204', 'Anja Nord', 104),
	(1283, '210205', 'Antsakoamaro', 104),
	(1284, '210206', 'Ambatosola', 104),
	(1285, '210207', 'Tsirandrany', 104),
	(1286, '210208', 'Tsikolaky', 104),
	(1287, '210209', 'Manakompy', 104),
	(1288, '210210', 'Ambahita', 104),
	(1289, '210211', 'Maroviro', 104),
	(1290, '210212', 'Belindo Mahasoa', 104),
	(1291, '210213', 'Beteza', 104),
	(1292, '210214', 'Tanandava', 104),
	(1293, '210215', 'Bekitro', 104),
	(1294, '210216', 'Beraketa', 104),
	(1295, '210217', 'Vohimanga', 104),
	(1296, '210218', 'Bevitiky', 104),
	(1297, '210219', 'Anivorano Mitsinjo', 104),
	(1298, '210301', 'Beloha', 105),
	(1299, '210302', 'Tranovaho', 105),
	(1300, '210303', 'Kopoky', 105),
	(1301, '210304', 'Marolinta', 105),
	(1302, '210305', 'Tranoroa', 105),
	(1303, '210306', 'Behabobo', 105),
	(1304, '210401', 'Tsihombe', 106),
	(1305, '210402', 'Nikoly', 106),
	(1306, '210403', 'Betanty (Faux Cap)', 106),
	(1307, '210404', 'Anjampaly', 106),
	(1308, '210405', 'Marovato', 106),
	(1309, '210406', 'Antaritarika', 106),
	(1310, '210407', 'Imongy', 106),
	(1311, '200101', 'Amboasary Atsimo', 107),
	(1312, '200102', 'Behara', 107),
	(1313, '200103', 'Tanandava Sud', 107),
	(1314, '200104', 'Sampona', 107),
	(1315, '200105', 'Ifotaka', 107),
	(1316, '200106', 'Tranomaro', 107),
	(1317, '200107', 'Maromby', 107),
	(1318, '200108', 'Elonty', 107),
	(1319, '200109', 'Esira', 107),
	(1320, '200110', 'Mahaly', 107),
	(1321, '200111', 'Manevy', 107),
	(1322, '200112', 'Tsivory', 107),
	(1323, '200113', 'Marotsiraka', 107),
	(1324, '200114', 'Tomboarivo', 107),
	(1325, '200115', 'Ebelo', 107),
	(1326, '200116', 'Ranobe', 107),
	(1327, '200201', 'Betroka', 108),
	(1328, '200202', 'Tsaraitso', 108),
	(1329, '200203', 'Naninora', 108),
	(1330, '200204', 'Ambalasoa', 108),
	(1331, '200205', 'Ivahona', 108),
	(1332, '200206', 'Analamary', 108),
	(1333, '200207', 'Ianabinda', 108),
	(1334, '200208', 'Benato Toby', 108),
	(1335, '200209', 'Mahabo', 108),
	(1336, '200210', 'Beampombo I', 108),
	(1337, '200211', 'Jangany', 108),
	(1338, '200212', 'Mahasoa Est', 108),
	(1339, '200213', 'Bekorobo', 108),
	(1340, '200214', 'Iaborotra', 108),
	(1341, '200215', 'Isoanala', 108),
	(1342, '200216', 'Beampombo II', 108),
	(1343, '200217', 'Nanarena Besakoa', 108),
	(1344, '200218', 'Ianakafy', 108),
	(1345, '200219', 'Andriandampy', 108),
	(1346, '200220', 'Sakamahily', 108),
	(1347, '200221', 'Ambatomivary', 108),
	(1348, '200301', 'Fort-Dauphin', 109),
	(1349, '200302', 'Ampasy Nahampoana', 109),
	(1350, '200303', 'Mandromondromotra', 109),
	(1351, '200304', 'Soanierana', 109),
	(1352, '200305', 'Ifarantsa', 109),
	(1353, '200306', 'Isaka-Ivondro', 109),
	(1354, '200307', 'Mandiso', 109),
	(1355, '200308', 'Manambaro', 109),
	(1356, '200309', 'Sarisambo', 109),
	(1357, '200310', 'Ankaramena', 109),
	(1358, '200311', 'Ranopiso', 109),
	(1359, '200312', 'Ambatoabo', 109),
	(1360, '200313', 'Ankariera', 109),
	(1361, '200314', 'Analapatsy', 109),
	(1362, '200315', 'Andranobory', 109),
	(1363, '200316', 'Mahatalaky', 109),
	(1364, '200317', 'Iaboakoho', 109),
	(1365, '200318', 'Enaniliha', 109),
	(1366, '200319', 'Fenoevo-Efita', 109),
	(1367, '200320', 'Enakara-Haut', 109),
	(1368, '200321', 'Ranomafana', 109),
	(1369, '200322', 'Emagnobo', 109),
	(1370, '200323', 'Bevoay', 109),
	(1371, '200324', 'Ampasimena', 109),
	(1372, '200325', 'Manantenina', 109),
	(1373, '200326', 'Analamary', 109),
	(1374, '200327', 'Soavary', 109),
	(1375, '190101', 'Ampanihy Ouest', 94),
	(1376, '190102', 'Ankiliabo', 94),
	(1377, '190103', 'Amborompotsy', 94),
	(1378, '190104', 'Ankilizato', 94),
	(1379, '190105', 'Maniry', 94),
	(1380, '190106', 'Antaly', 94),
	(1381, '190107', 'Ankilimivory', 94),
	(1382, '190108', 'Ejeda', 94),
	(1383, '190109', 'Belafike Haut', 94),
	(1384, '190110', 'Beahitse', 94),
	(1385, '190111', 'Gogogogo', 94),
	(1386, '190112', 'Androka', 94),
	(1387, '190113', 'Vohitany', 94),
	(1388, '190114', 'Beroy Atsimo', 94),
	(1389, '190115', 'Fotadrevo', 94),
	(1390, '190116', 'Itampolo', 94),
	(1391, '190201', 'Ankazoabo Sud', 95),
	(1392, '190202', 'Fotivolo', 95),
	(1393, '190203', 'Tandrano', 95),
	(1394, '190204', 'Andranomafana', 95),
	(1395, '190205', 'Berenty', 95),
	(1396, '190206', 'Ilemby', 95),
	(1397, '190301', 'Benenitra', 96),
	(1398, '190302', 'Ianapera', 96),
	(1399, '190303', 'Ambalavato', 96),
	(1400, '190304', 'Ehara', 96),
	(1401, '190401', 'Beroroha', 97),
	(1402, '190402', 'Bemavo', 97),
	(1403, '190403', 'Fanjakana', 97),
	(1404, '190404', 'Behisatsy', 97),
	(1405, '190405', 'Marerano', 97),
	(1406, '190406', 'Mandronarivo', 97),
	(1407, '190407', 'Tanamary', 97),
	(1408, '190408', 'Sakena', 97),
	(1409, '190409', 'Betioky Atsimo', 97),
	(1410, '190501', 'Betioky Atsimo', 98),
	(1411, '190502', 'Sakamasay', 98),
	(1412, '190503', 'Ambatry Mitsinjo', 98),
	(1413, '190504', 'Ankazomanga Ouest', 98),
	(1414, '190505', 'Maroarivo Ankazomanga', 98),
	(1415, '190506', 'Beantake', 98),
	(1416, '190507', 'Masiaboay', 98),
	(1417, '190508', 'Antohabato', 98),
	(1418, '190509', 'Tameantsoa', 98),
	(1419, '190510', 'Tongobory', 98),
	(1420, '190511', 'Besely', 98),
	(1421, '190512', 'Vatolatsaka', 98),
	(1422, '190513', 'Ankazombalala', 98),
	(1423, '190514', 'Bezaha', 98),
	(1424, '190515', 'Manalobe', 98),
	(1425, '190516', 'Andranomangatsiaka', 98),
	(1426, '190517', 'Ankilivalo', 98),
	(1427, '190518', 'Soamanonga', 98),
	(1428, '190519', 'Fenoandala', 98),
	(1429, '190520', 'Soaserana', 98),
	(1430, '190521', 'Marosavoa', 98),
	(1431, '190522', 'Salobe', 98),
	(1432, '190523', 'Tanambao Haut', 98),
	(1433, '190524', 'Belamoty', 98),
	(1434, '190525', 'Antsavoa', 98),
	(1435, '190526', 'Montifeno', 98),
	(1436, '190527', 'Lazarivo', 98),
	(1437, '190601', 'Cu Morombe', 99),
	(1438, '190602', 'Befandefa', 99),
	(1439, '190603', 'Ambahikily', 99),
	(1440, '190604', 'Antongo Vaovao', 99),
	(1441, '190605', 'Nosy Ambositra', 99),
	(1442, '190606', 'Befandriana Sud', 99),
	(1443, '190607', 'Antanimieva', 99),
	(1444, '190608', 'Basibasy', 99),
	(1445, '190701', 'Sakaraha', 100),
	(1446, '190702', 'Miary Taheza', 100),
	(1447, '190703', 'Miary Lamatihy', 100),
	(1448, '190704', 'Mahaboboka', 100),
	(1449, '190705', 'Amboronabo', 100),
	(1450, '190706', 'Bereketa', 100),
	(1451, '190707', 'Andamasiny Vineta', 100),
	(1452, '190708', 'Mihavatsy', 100),
	(1453, '190709', 'Andranolava', 100),
	(1454, '190710', 'Ambinany', 100),
	(1455, '190711', 'Mikoboka', 100),
	(1456, '190712', 'Mitsinjo', 100),
	(1457, '190801', 'Tanambao I', 101),
	(1458, '190802', 'Tanambao II TSF Nord', 101),
	(1459, '190803', 'Mahavatse I', 101),
	(1460, '190804', 'Mahavatse II', 101),
	(1461, '190805', 'Betania', 101),
	(1462, '190806', 'Besakoa', 101),
	(1463, '190901', 'Mitsinjo Betanimena', 102),
	(1464, '190902', 'Belalanda', 102),
	(1465, '190903', 'Betsinjaka', 102),
	(1466, '190904', 'Miary Ambohibola', 102),
	(1467, '190905', 'Behompy', 102),
	(1468, '190906', 'Maromiandra', 102),
	(1469, '190907', 'Ambohimahavelona', 102),
	(1470, '190908', 'Andranohinaly', 102),
	(1471, '190909', 'Saint Augustin', 102),
	(1472, '190910', 'Anakao', 102),
	(1473, '190911', 'Soalara Sud', 102),
	(1474, '190912', 'Ambolofoty', 102),
	(1475, '190913', 'Ankilimalinike', 102),
	(1476, '190914', 'Antanimena Onilahy', 102),
	(1477, '190915', 'Manorofify', 102),
	(1478, '190916', 'Marofoty', 102),
	(1479, '190917', 'Tsianisiha', 102),
	(1480, '190918', 'Manombo sud', 102),
	(1481, '190919', 'Andranovory', 102),
	(1482, '190920', 'Milenaka', 102),
	(1483, '190921', 'Ankililoaka', 102),
	(1484, '190922', 'Analamisampy', 102),
	(1485, '190923', 'Beheloka', 102),
	(1486, '220101', 'Belo Sur Tsiribihina', 110),
	(1487, '220102', 'Andimaky Manambolo', 110),
	(1488, '220103', 'Bemarivo Ankirondro', 110),
	(1489, '220104', 'Tsimafana', 110),
	(1490, '220105', 'Beroboka Nord', 110),
	(1491, '220106', 'Tsaraotana', 110),
	(1492, '220107', 'Masoarivo', 110),
	(1493, '220108', 'Aboalimena', 110),
	(1494, '220109', 'Ankalalobe', 110),
	(1495, '220110', 'Ambiky', 110),
	(1496, '220111', 'Berevo', 110),
	(1497, '220112', 'Antsoha', 110),
	(1498, '220113', 'Belinta', 110),
	(1499, '220114', 'Ankiroroky', 110),
	(1500, '220201', 'Mahabo', 111),
	(1501, '220202', 'Ankilivalo', 111),
	(1502, '220203', 'Analamitsivalana', 111),
	(1503, '220204', 'Befotaka', 111),
	(1504, '220205', 'Ampanihy', 111),
	(1505, '220206', 'Ankilizato', 111),
	(1506, '220207', 'Ambia', 111),
	(1507, '220208', 'Mandabe', 111),
	(1508, '220209', 'Malaimbandy', 111),
	(1509, '220210', 'Beronono', 111),
	(1510, '220211', 'Mazavasoa', 111),
	(1511, '220301', 'Manja', 112),
	(1512, '220302', 'Beharona', 112),
	(1513, '220303', 'Anontsibe Centre', 112),
	(1514, '220304', 'Soaserana', 112),
	(1515, '220305', 'Ankiliabo', 112),
	(1516, '220306', 'Andranopasy', 112),
	(1517, '220401', 'Miandrivazo', 113),
	(1518, '220402', 'Dabolava', 113),
	(1519, '220403', 'Bemahatazana', 113),
	(1520, '220404', 'Ampanihy', 113),
	(1521, '220405', 'Anosimena', 113),
	(1522, '220406', 'Manandaza', 113),
	(1523, '220407', 'Ankotrofotsy', 113),
	(1524, '220408', 'Isalo', 113),
	(1525, '220409', 'Ambatolahy', 113),
	(1526, '220410', 'Manambina', 113),
	(1527, '220411', 'Itondy', 113),
	(1528, '220412', 'Ankavandra', 113),
	(1529, '220413', 'Soaloka', 113),
	(1530, '220414', 'Betsipolitra', 113),
	(1531, '220415', 'Ankondromena', 113),
	(1532, '220501', 'Morondava', 114),
	(1533, '220502', 'Bemanonga', 114),
	(1534, '220503', 'Analaiva', 114),
	(1535, '220504', 'Befasy', 114),
	(1536, '220505', 'Belo Sur Mer', 114);
/*!40000 ALTER TABLE `commune` ENABLE KEYS */;

-- Export de la structure de la table peche_db. data_collect
DROP TABLE IF EXISTS `data_collect`;
CREATE TABLE IF NOT EXISTS `data_collect` (
  `id` int(11) NOT NULL AUTO_INCREMENT,
  `code` varchar(5) DEFAULT NULL,
  `libelle` varchar(50) DEFAULT NULL,
  PRIMARY KEY (`id`)
) ENGINE=InnoDB AUTO_INCREMENT=4 DEFAULT CHARSET=latin1;

-- Export de données de la table peche_db.data_collect : ~2 rows (environ)
/*!40000 ALTER TABLE `data_collect` DISABLE KEYS */;
INSERT INTO `data_collect` (`id`, `code`, `libelle`) VALUES
	(1, 'PAB', 'libelle1'),
	(3, 'CAB', 'libelle2');
/*!40000 ALTER TABLE `data_collect` ENABLE KEYS */;

-- Export de la structure de la table peche_db. district
DROP TABLE IF EXISTS `district`;
CREATE TABLE IF NOT EXISTS `district` (
  `id` int(11) NOT NULL AUTO_INCREMENT,
  `code` varchar(10) DEFAULT NULL,
  `nom` varchar(45) DEFAULT NULL,
  `id_region` int(11) NOT NULL,
  PRIMARY KEY (`id`),
  KEY `FK_district_region` (`id_region`),
  CONSTRAINT `FK_district_region` FOREIGN KEY (`id_region`) REFERENCES `region` (`id`) ON UPDATE CASCADE
) ENGINE=InnoDB AUTO_INCREMENT=115 DEFAULT CHARSET=utf8;

-- Export de données de la table peche_db.district : ~114 rows (environ)
/*!40000 ALTER TABLE `district` DISABLE KEYS */;
INSERT INTO `district` (`id`, `code`, `nom`, `id_region`) VALUES
	(1, '101', 'Antananarivo renivohitra', 1),
	(2, '102', 'Antananarivo atsimondrano', 1),
	(3, '103', 'Antananarivo avaradrano', 1),
	(4, '104', 'Ambohitratrimo', 1),
	(5, '105', 'Ankazobe', 1),
	(6, '106', 'Anjozorobe', 1),
	(7, '107', 'Manjakandrina', 1),
	(8, '108', 'Andramasina', 1),
	(9, '201', 'Arivonimamo', 2),
	(10, '202', 'Miarinarivo', 2),
	(11, '203', 'Soavinandrina', 2),
	(12, '301', 'Tsiroanomandidy', 3),
	(13, '302', 'Fenoarivobe', 3),
	(14, '401', 'Ambatolampy', 4),
	(15, '402', 'Antanifotsy', 4),
	(16, '403', 'Antsirabe I', 4),
	(17, '404', 'Antsirabe II', 4),
	(18, '405', 'Betafo', 4),
	(19, '406', 'Faratsiho', 4),
	(20, '407', 'Mandoto', 4),
	(21, '601', 'Ambalavao', 6),
	(22, '602', 'Ambohimahasoa', 6),
	(23, '603', 'Fianarantsoa I', 6),
	(24, '604', 'Ikalamavony', 6),
	(25, '605', 'Isandra', 6),
	(26, '606', 'Lalangina', 6),
	(27, '607', 'Vohibato', 6),
	(28, '501', 'Ambatofinandrahana', 5),
	(29, '502', 'Ambositra', 5),
	(30, '503', 'Fandriana', 5),
	(31, '504', 'Manandriana', 5),
	(32, '701', 'Befotaka', 7),
	(33, '702', 'Farafangana', 7),
	(34, '703', 'Midongy-Atsimo', 7),
	(35, '704', 'Vangaindrano', 7),
	(36, '705', 'Vondrozo', 7),
	(37, '801', 'Ifanadiana', 8),
	(38, '802', 'Ikongo', 8),
	(39, '803', 'Manakara Atsimo', 8),
	(40, '804', 'Mananjary', 8),
	(41, '805', 'Nosy-Varika', 8),
	(42, '806', 'Vohipeno', 8),
	(43, '1301', 'Ambanja', 13),
	(44, '1302', 'Ambilobe', 13),
	(45, '1303', 'Antsiranana I', 13),
	(46, '1304', 'Antsiranana II', 13),
	(47, '1305', 'Nosy-Be', 13),
	(48, '1401', 'Andapa', 14),
	(49, '1402', 'Antalaha', 14),
	(50, '1403', 'Sambava', 14),
	(51, '1404', 'Vohemar', 14),
	(52, '901', 'Iakora', 9),
	(53, '902', 'Ihosy', 9),
	(54, '903', 'Ivohibe', 9),
	(55, '1001', 'Antanambao Manampontsy', 10),
	(56, '1002', 'Brickaville', 10),
	(57, '1003', 'Mahanoro', 10),
	(58, '1004', 'Marolambo', 10),
	(59, '1005', 'Toamasina I', 10),
	(60, '1006', 'Toamasina II', 10),
	(61, '1007', 'Vatomandry', 10),
	(62, '1101', 'Ambatondrazaka', 11),
	(63, '1102', 'Amparafaravola', 11),
	(64, '1103', 'Andilamena', 11),
	(65, '1104', 'Anosibe An\'ala', 11),
	(66, '1105', 'Moramanga', 11),
	(67, '1201', 'Fenerive Est', 12),
	(68, '1202', 'Mananara-Avaratra', 12),
	(69, '1203', 'Maroantsetra', 12),
	(70, '1204', 'Sainte Marie', 12),
	(71, '1205', 'Soanierana Ivongo', 12),
	(72, '1206', 'Vavatenina', 12),
	(73, '1501', 'Ambato Boeni', 15),
	(74, '1502', 'Mahajanga I', 15),
	(75, '1503', 'Mahajanga II', 15),
	(76, '1504', 'Marovoay', 15),
	(77, '1505', 'Mitsinjo', 15),
	(78, '1506', 'Soalala', 15),
	(79, '1601', 'Kandreho', 16),
	(80, '1602', 'Maevatanana', 16),
	(81, '1603', 'Tsaratanana', 16),
	(82, '1701', 'Analalava', 17),
	(83, '1702', 'Antsohihy', 17),
	(84, '1703', 'Bealanana', 17),
	(85, '1704', 'Befandriana Nord', 17),
	(86, '1705', 'Mampikony', 17),
	(87, '1706', 'Mandritsara', 17),
	(88, '1707', 'Port-Berge (Boriziny-Vaovao)', 17),
	(89, '1801', 'Ambatomainty', 18),
	(90, '1802', 'Antsalova', 18),
	(91, '1803', 'Besalampy', 18),
	(92, '1804', 'Maintirano', 18),
	(93, '1805', 'Morafenobe', 18),
	(94, '1901', 'Ampanihy Ouest', 19),
	(95, '1902', 'Ankazoabo', 19),
	(96, '1903', 'Benenitra', 19),
	(97, '1904', 'Beroroha', 19),
	(98, '1905', 'Betioky Atsimo', 19),
	(99, '1906', 'Morombe', 19),
	(100, '1907', 'Sakaraha', 19),
	(101, '1908', 'Toliary-I', 19),
	(102, '1909', 'Toliary-II', 19),
	(103, '2101', 'Ambovombe-Androy', 21),
	(104, '2102', 'Bekily', 21),
	(105, '2103', 'Beloha', 21),
	(106, '2104', 'Tsihombe', 21),
	(107, '2001', 'Amboasary-Atsimo', 20),
	(108, '2002', 'Betroka', 20),
	(109, '2003', 'Taolagnaro', 20),
	(110, '2201', 'Belo Sur Tsiribihina', 22),
	(111, '2202', 'Mahabo', 22),
	(112, '2203', 'Manja', 22),
	(113, '2204', 'Miandrivazo', 22),
	(114, '2205', 'Morondava', 22);
/*!40000 ALTER TABLE `district` ENABLE KEYS */;

-- Export de la structure de la table peche_db. echantillon
DROP TABLE IF EXISTS `echantillon`;
CREATE TABLE IF NOT EXISTS `echantillon` (
  `id` int(11) NOT NULL AUTO_INCREMENT,
  `id_fiche_enchantillonage_capture` int(11) NOT NULL,
  `id_type_canoe` int(11) NOT NULL,
  `id_type_engin` int(11) NOT NULL,
  `peche_hier` int(1) DEFAULT NULL,
  `peche_avant_hier` int(1) DEFAULT NULL,
  `nbr_jrs_peche_dernier_sem` int(3) NOT NULL DEFAULT '0',
  `total_capture` double DEFAULT NULL,
  `unique_code` varchar(50) NOT NULL,
  `id_data_collect` int(11) NOT NULL,
  `nbr_bateau_actif` int(11) NOT NULL DEFAULT '0',
  `total_bateau_ecn` int(11) NOT NULL DEFAULT '0',
  `id_user` int(11) DEFAULT NULL,
  `date_creation` timestamp NULL DEFAULT NULL,
  `date_modification` timestamp NULL DEFAULT NULL,
  PRIMARY KEY (`id`),
  UNIQUE KEY `Index 7` (`unique_code`),
  KEY `FK_echantillon_type_canoe` (`id_type_canoe`),
  KEY `FK_echantillon_type_engin` (`id_type_engin`),
  KEY `FK_echantillon_fiche_echantillonnage_capture` (`id_fiche_enchantillonage_capture`),
  KEY `FK_echantillon_data_collect` (`id_data_collect`),
  KEY `FK_echantillon_utilisateur` (`id_user`),
  CONSTRAINT `FK_echantillon_data_collect` FOREIGN KEY (`id_data_collect`) REFERENCES `data_collect` (`id`) ON UPDATE CASCADE,
  CONSTRAINT `FK_echantillon_fiche_echantillonnage_capture` FOREIGN KEY (`id_fiche_enchantillonage_capture`) REFERENCES `fiche_echantillonnage_capture` (`id`) ON DELETE CASCADE ON UPDATE CASCADE,
  CONSTRAINT `FK_echantillon_type_canoe` FOREIGN KEY (`id_type_canoe`) REFERENCES `type_canoe` (`id`) ON UPDATE CASCADE,
  CONSTRAINT `FK_echantillon_type_engin` FOREIGN KEY (`id_type_engin`) REFERENCES `type_engin` (`id`) ON UPDATE CASCADE,
  CONSTRAINT `FK_echantillon_utilisateur` FOREIGN KEY (`id_user`) REFERENCES `utilisateur` (`id`) ON UPDATE CASCADE
) ENGINE=InnoDB DEFAULT CHARSET=latin1;

-- Export de données de la table peche_db.echantillon : ~0 rows (environ)
/*!40000 ALTER TABLE `echantillon` DISABLE KEYS */;
/*!40000 ALTER TABLE `echantillon` ENABLE KEYS */;

-- Export de la structure de la table peche_db. enqueteur
DROP TABLE IF EXISTS `enqueteur`;
CREATE TABLE IF NOT EXISTS `enqueteur` (
  `id` int(11) NOT NULL AUTO_INCREMENT,
  `nom` varchar(255) DEFAULT NULL,
  `prenom` varchar(255) DEFAULT NULL,
  `cin` varchar(12) DEFAULT NULL,
  PRIMARY KEY (`id`)
) ENGINE=InnoDB DEFAULT CHARSET=latin1;

-- Export de données de la table peche_db.enqueteur : ~0 rows (environ)
/*!40000 ALTER TABLE `enqueteur` DISABLE KEYS */;
/*!40000 ALTER TABLE `enqueteur` ENABLE KEYS */;

-- Export de la structure de la table peche_db. espece
DROP TABLE IF EXISTS `espece`;
CREATE TABLE IF NOT EXISTS `espece` (
  `id` int(11) NOT NULL AUTO_INCREMENT,
  `code` varchar(50) DEFAULT NULL,
  `nom_local` varchar(255) DEFAULT NULL,
  `nom_scientifique` varchar(255) DEFAULT NULL,
  PRIMARY KEY (`id`)
) ENGINE=InnoDB AUTO_INCREMENT=127 DEFAULT CHARSET=latin1;

-- Export de données de la table peche_db.espece : ~126 rows (environ)
/*!40000 ALTER TABLE `espece` DISABLE KEYS */;
INSERT INTO `espece` (`id`, `code`, `nom_local`, `nom_scientifique`) VALUES
	(1, 'AGS', 'Vatritra', 'Amblygaster sirm'),
	(2, 'AND', 'Antseradava', 'Tylosurus acus'),
	(3, 'BAC', 'Jano', 'Sphyraena jello'),
	(4, 'BDV', 'Kalalijaka', 'Bohadschia vitiensis'),
	(5, 'BET', 'jaodary, lamatra', 'Thunnus obesus'),
	(6, 'BIS', 'Ambariadrivo', 'Selar crumenophthalmus'),
	(7, 'BSX', 'Tsivaravarabe, kikiantany, alovo, gabamainty', 'Serranidae'),
	(8, 'BUM', 'Androaro', 'Makaira nigricans'),
	(9, 'CAX', 'Maroalala (Ankio)', 'Ariidae'),
	(10, 'CGZ', 'Lagnerana', 'Conger spp'),
	(11, 'CRA', 'Drakaka', 'Scylla serrata'),
	(12, 'DHV', 'Makoba', 'Himantura uarnak'),
	(13, 'DIA', 'Fiatsômo, mahatezafia', 'Osteichthyes'),
	(14, 'DOB', 'Vahitra fohy', 'Chirocentrus dorab'),
	(15, 'DRL', 'Takropa', 'Drepane longimana'),
	(16, 'EEA', 'Alovo mena', 'Epinephelus fasciatus'),
	(17, 'EER', 'Alovombaraho', 'Epinephelus merra'),
	(18, 'EFH', 'je ne sais pas2', 'Epinephelus chlorostigma'),
	(19, 'EFT', 'je ne sais pas3', 'Cephalopholis sonnerati'),
	(20, 'EHN', 'Samakeboana', 'Echeneis naucrates'),
	(21, 'EKR', 'Patsa fotsy', 'Acetes erythraeus'),
	(22, 'EMP', 'Vahô, Zavotrohy', 'Lethrinidae'),
	(23, 'ESI', 'Varilavabe', 'Stolephorus indicus'),
	(24, 'ETA', 'Fatikyampify', 'Etelis carbunculus'),
	(25, 'ETC', 'Koanabe', 'Etelis coruscans'),
	(26, 'EWG', 'Cabôrouge, alovomena', 'Epinephelus posteli'),
	(27, 'EWU', 'je ne sais4', 'Epinephelus multinotatus'),
	(28, 'EYV', 'Malemilemy', 'Thryssa vitrirostris'),
	(29, 'FLI', 'Ampasy', 'Platycephalus indicus'),
	(30, 'GEF', 'Fiampotsy,Ambariaka', 'Gerres filamentosus'),
	(31, 'GMW', 'Vôtro', 'Gymnocranius grandoculis'),
	(32, 'GOX', 'Fiantsomotra', 'Upeneus spp'),
	(33, 'GPX', 'Alovo', 'Epinephelus spp'),
	(34, 'GRX', 'Bisogny', 'Haemulidae (=Pomadasyidae)'),
	(35, 'GTV', 'Ambariaka', 'Gerres longirostris'),
	(36, 'GZM', 'Salelo mahitsy', 'Gazza minuta'),
	(37, 'HAI', 'Tsimananila', 'Psettodes erumei'),
	(38, 'HCZ', 'Kararabe', 'Holocentridae'),
	(39, 'HES', 'Monkôso', 'Herklotsichthys quadrimaculat.'),
	(40, 'HFA', 'Stylo noir', 'Holothuria atra'),
	(41, 'HFC', 'Zanga fotsy', 'Holothuria scabra'),
	(42, 'HFF', 'Kojapa', 'Holothuria fuscogilva'),
	(43, 'HFN', 'Benono', 'Holothuria nobilis'),
	(44, 'HFQ', 'Stylo banane', 'Holothuria leucospilota'),
	(45, 'HHM', 'Antseraka fohy', 'Hemiramphus marginatus'),
	(46, 'HIX', 'Karapapaka', 'Hilsa kelee'),
	(47, 'HOZ', 'Goakabe', 'Holothuria fuscopunctata'),
	(48, 'IAX', 'Angisy', 'Sepia spp'),
	(49, 'ILS', 'Ambotso', 'Sillago sihama'),
	(50, 'IQH', 'Gogo', 'Arius madagascariensis'),
	(51, 'IUU', 'Henjy, Hinta', 'Siganus sutor'),
	(52, 'JCV', 'Tracteur', 'Stichopus variegatus'),
	(53, 'JOU', 'Bola', 'Johnius dussumieri'),
	(54, 'KAH', 'Soisoy', 'Pomadasys kaakan'),
	(55, 'KAW', 'Jaodary, angoho, belonary, diodary', 'Euthynnus affinis'),
	(56, 'KU0Y', 'Patate – Fotsitsetsaka', 'Actinopyga mauritiana'),
	(57, 'KUE', 'Pantouffe – Joby rakoko', 'Actinopyga echinites'),
	(58, 'KUH', 'Bemangovitra', 'Bohadschia marmorata'),
	(59, 'KUN', 'Taretra', 'Stichopus horrens'),
	(60, 'KUQ', 'Trokena', 'Actinopyga miliaris'),
	(61, 'LGE', 'Salelo midina', 'Leiognathus equulus'),
	(62, 'LHB', 'Antegnategnamaso', 'Lethrinus rubrioperculatus'),
	(63, 'LHN', 'Ambitry vandagne', 'Lethrinus nebulosus'),
	(64, 'LHT', 'Vatritra lava', 'Trichiurus lepturus'),
	(65, 'LIJ', 'Kikô', 'Alectis ciliaris'),
	(66, 'LJB', 'Ambitry, Menahiliky', 'Lutjanus bohar'),
	(67, 'LKR', 'Telonify, trident', 'otolithes ruber'),
	(68, 'LOB', 'Sababaka', 'Lobotes surinamensis'),
	(69, 'LOK', 'Oratsimba', 'Panulirus homarus'),
	(70, 'LTK', 'Senta, Ambitryfo', 'Lethrinus harak'),
	(71, 'LTQ', 'Menahiliky, Ambitry', 'Lethrinus mahsena'),
	(72, 'LUB', 'Bepakitsy', 'Lutjanus sebae'),
	(73, 'LWZ', 'je ne sais pas5', 'Pristipomoides zonatus'),
	(74, 'LZJ', 'Lovotroihy', 'Lutjanus sanguineus'),
	(75, 'LZS', 'Bika', 'Liza saliens'),
	(76, 'MAR', 'Alovo', 'Epinephelus malabaricus'),
	(77, 'MGS', 'Bika', 'Mugil'),
	(78, 'MIL', 'Vano', 'Chanos chanos'),
	(79, 'MLB', 'Tsiboraina', 'Acanthopagrus berda'),
	(80, 'MPN', 'Camaron', 'Metapenaeus monoceros'),
	(81, 'MUF', 'Antafa, jompa, zompona, tororaka', 'Mugil cephalus'),
	(82, 'MZZ', 'Mixte', 'Osteichtyes'),
	(83, 'NAS', 'Fiantandroka, kikô, fiantsija', 'Naso unicornis'),
	(84, 'NDL', 'Tekateka', 'Anadara notabilis'),
	(85, 'NGU', 'Kiko malambo', 'Carangoides fulvoguttatus'),
	(86, 'NXI', 'Kikomalambo, lanora', 'Caranx ignobilis'),
	(87, 'OBJ', 'Talatalana , Trois tache', 'Scomberoides tol'),
	(88, 'OBY', 'Apandro', 'Scomberoides lysan'),
	(89, 'OCT', 'Orita', 'Octopodidae'),
	(90, 'OHH', 'Bontana', 'Arothron hispidus'),
	(91, 'PEZ', 'Malagny saja', 'Penaeidae'),
	(92, 'PFM', 'je ne sais pas6', 'Pristipomoides filamentosus'),
	(93, 'PKL', 'Soisoy', 'Pomadasys maculatus'),
	(94, 'PNI', 'Makamba', 'Penaeus indicus'),
	(95, 'POB', 'Manarabotry', 'Parastromateus niger'),
	(96, 'PQD', 'Tretreky', 'Pelates quadrilineatus'),
	(97, 'QLX', 'Karara', 'Apogon spp'),
	(98, 'RAG', 'Mahaloky', 'Rastrelliger kanagurta'),
	(99, 'RES', 'Zoho', 'Lutjanus argentimaculatus'),
	(100, 'RRU', 'Tefo, ango', 'Elagatis bipinnulata'),
	(101, 'RSS', 'Tsybire', 'Rhabdosargus sarba'),
	(102, 'SAG', 'Karapapaka', 'Sardinella gibbosa'),
	(103, 'SBZ', 'je ne sais pas6', 'Diplodus cervinus'),
	(104, 'SDM', 'Malanisaja', 'Sardinella melanura'),
	(105, 'SFA', 'Ndoaro, androaro', 'Istiophorus platypterus'),
	(106, 'SIC', 'Takropa', 'Drepane africana'),
	(107, 'SKH', 'Ankio', 'Selachimorpha (Pleurotremata)'),
	(108, 'SKJ', 'Tabaka, lamatra', 'Katsuwonus pelamis'),
	(109, 'SNX', 'Menasoma, Tsivaravarabe', 'Lutjanidae'),
	(110, 'SPN', 'tendromaso, ankio', 'Sphyrna spp'),
	(111, 'SPS', 'Takropa', 'Drepane punctata'),
	(112, 'TEH', 'Drihy', 'Terapon theraps'),
	(113, 'TFQ', 'Brosse – Ananas – Rasta', 'Thelenota ananas'),
	(114, 'TIP', 'Flower', 'Penaeus semisulcatus'),
	(115, 'TJB', 'Drihy', 'Terapon jarbua'),
	(116, 'TUM', 'Kikao', 'Atule mate'),
	(117, 'TUN', 'je ne sais pas7', 'Thunnini'),
	(118, 'UPI', 'Koana', 'Upeneus vittatus'),
	(119, 'UPM', 'Fiantsomotra', 'Upeneus moluccensis'),
	(120, 'USY', 'Fihambazaha, kongotry, tabaka', 'Scarus ghobban'),
	(121, 'UTI', 'Salelo miakatra', 'Secutor insidiator'),
	(122, 'VMX', 'Sampatra', 'Valamugil spp'),
	(123, 'VRA', 'Fiantsara', 'Variola albimarginata'),
	(124, 'VRL', 'Mampagnony, Sampamala', 'Variola louti'),
	(125, 'WAH', 'Ango, variagnavo, angoho, lamatra', 'Acanthocybium solandri'),
	(126, 'YFT\r\n', 'Jaodary, lamatra', 'Thunnus albacares');
/*!40000 ALTER TABLE `espece` ENABLE KEYS */;

-- Export de la structure de la table peche_db. espece_capture
DROP TABLE IF EXISTS `espece_capture`;
CREATE TABLE IF NOT EXISTS `espece_capture` (
  `id` int(11) NOT NULL AUTO_INCREMENT,
  `id_fiche_echantillonnage_capture` int(11) NOT NULL,
  `id_echantillon` int(11) NOT NULL,
  `id_espece` int(11) NOT NULL,
  `capture` double NOT NULL DEFAULT '0',
  `prix` int(11) NOT NULL DEFAULT '0',
  `id_user` int(11) DEFAULT NULL,
  `date_creation` timestamp NULL DEFAULT NULL,
  `date_modification` timestamp NULL DEFAULT NULL,
  PRIMARY KEY (`id`),
  KEY `FK_espece_capture_fiche_echantillonnage_capture` (`id_fiche_echantillonnage_capture`),
  KEY `FK_espece_capture_echantillon` (`id_echantillon`),
  KEY `FK_espece_capture_espece` (`id_espece`),
  KEY `FK_espece_capture_utilisateur` (`id_user`),
  CONSTRAINT `FK_espece_capture_echantillon` FOREIGN KEY (`id_echantillon`) REFERENCES `echantillon` (`id`) ON DELETE CASCADE ON UPDATE CASCADE,
  CONSTRAINT `FK_espece_capture_espece` FOREIGN KEY (`id_espece`) REFERENCES `espece` (`id`) ON UPDATE CASCADE,
  CONSTRAINT `FK_espece_capture_fiche_echantillonnage_capture` FOREIGN KEY (`id_fiche_echantillonnage_capture`) REFERENCES `fiche_echantillonnage_capture` (`id`) ON DELETE CASCADE ON UPDATE CASCADE,
  CONSTRAINT `FK_espece_capture_utilisateur` FOREIGN KEY (`id_user`) REFERENCES `utilisateur` (`id`) ON UPDATE CASCADE
) ENGINE=InnoDB DEFAULT CHARSET=latin1;

-- Export de données de la table peche_db.espece_capture : ~0 rows (environ)
/*!40000 ALTER TABLE `espece_capture` DISABLE KEYS */;
/*!40000 ALTER TABLE `espece_capture` ENABLE KEYS */;

-- Export de la structure de la table peche_db. fiche_echantillonnage_capture
DROP TABLE IF EXISTS `fiche_echantillonnage_capture`;
CREATE TABLE IF NOT EXISTS `fiche_echantillonnage_capture` (
  `id` int(11) NOT NULL AUTO_INCREMENT,
  `code_unique` varchar(50) DEFAULT NULL,
  `date` date DEFAULT NULL,
  `id_site_embarquement` int(11) DEFAULT NULL,
  `id_district` int(11) DEFAULT NULL,
  `id_enqueteur` int(11) NOT NULL,
  `id_region` int(11) DEFAULT NULL,
  `id_user` int(11) DEFAULT NULL,
  `date_creation` timestamp NULL DEFAULT NULL,
  `date_modification` timestamp NULL DEFAULT NULL,
  `latitude` decimal(10,0) DEFAULT NULL,
  `longitude` decimal(10,0) DEFAULT NULL,
  `altitude` decimal(10,0) DEFAULT NULL,
  PRIMARY KEY (`id`),
  UNIQUE KEY `Index 6` (`code_unique`),
  KEY `FK_fiche_echantillonnage_capture_site_embarquement` (`id_site_embarquement`),
  KEY `FK_fiche_echantillonnage_capture_district` (`id_district`),
  KEY `FK_fiche_echantillonnage_capture_region` (`id_region`),
  KEY `FK_fiche_echantillonnage_capture_utilisateur` (`id_user`),
  KEY `FK_fiche_echantillonnage_capture_enqueteur` (`id_enqueteur`),
  CONSTRAINT `FK_fiche_echantillonnage_capture_district` FOREIGN KEY (`id_district`) REFERENCES `district` (`id`) ON UPDATE CASCADE,
  CONSTRAINT `FK_fiche_echantillonnage_capture_enqueteur` FOREIGN KEY (`id_enqueteur`) REFERENCES `enqueteur` (`id`) ON UPDATE CASCADE,
  CONSTRAINT `FK_fiche_echantillonnage_capture_region` FOREIGN KEY (`id_region`) REFERENCES `region` (`id`) ON UPDATE CASCADE,
  CONSTRAINT `FK_fiche_echantillonnage_capture_site_embarquement` FOREIGN KEY (`id_site_embarquement`) REFERENCES `site_embarquement` (`id`) ON UPDATE CASCADE,
  CONSTRAINT `FK_fiche_echantillonnage_capture_utilisateur` FOREIGN KEY (`id_user`) REFERENCES `utilisateur` (`id`) ON UPDATE CASCADE
) ENGINE=InnoDB DEFAULT CHARSET=latin1;

-- Export de données de la table peche_db.fiche_echantillonnage_capture : ~0 rows (environ)
/*!40000 ALTER TABLE `fiche_echantillonnage_capture` DISABLE KEYS */;
/*!40000 ALTER TABLE `fiche_echantillonnage_capture` ENABLE KEYS */;

-- Export de la structure de la table peche_db. pays
DROP TABLE IF EXISTS `pays`;
CREATE TABLE IF NOT EXISTS `pays` (
  `id` int(11) NOT NULL AUTO_INCREMENT,
  `code` varchar(5) DEFAULT NULL,
  `nom` varchar(50) DEFAULT NULL,
  PRIMARY KEY (`id`)
) ENGINE=InnoDB AUTO_INCREMENT=4 DEFAULT CHARSET=latin1;

-- Export de données de la table peche_db.pays : ~2 rows (environ)
/*!40000 ALTER TABLE `pays` DISABLE KEYS */;
INSERT INTO `pays` (`id`, `code`, `nom`) VALUES
	(1, 'MDG', 'Madagascar'),
	(3, 'code1', 'Parisy');
/*!40000 ALTER TABLE `pays` ENABLE KEYS */;

-- Export de la structure de la table peche_db. region
DROP TABLE IF EXISTS `region`;
CREATE TABLE IF NOT EXISTS `region` (
  `id` int(11) NOT NULL AUTO_INCREMENT,
  `code` varchar(10) DEFAULT NULL,
  `nom` varchar(100) DEFAULT NULL,
  `id_pays` int(11) DEFAULT NULL,
  PRIMARY KEY (`id`),
  KEY `FK_region_pays` (`id_pays`),
  CONSTRAINT `FK_region_pays` FOREIGN KEY (`id_pays`) REFERENCES `pays` (`id`) ON UPDATE CASCADE
) ENGINE=InnoDB AUTO_INCREMENT=23 DEFAULT CHARSET=utf8;

-- Export de données de la table peche_db.region : ~22 rows (environ)
/*!40000 ALTER TABLE `region` DISABLE KEYS */;
INSERT INTO `region` (`id`, `code`, `nom`, `id_pays`) VALUES
	(1, '1', 'Analamanga', 1),
	(2, '2', 'Itasy', 1),
	(3, '3', 'Bongolava', 1),
	(4, '4', 'Vakinakaratra', 1),
	(5, '5', 'Amoron\'i Mania', 1),
	(6, '6', 'Haute Matsiatra', 1),
	(7, '7', 'Atsimo antsinanana', 1),
	(8, '8', 'Vatovavy Fitovinany', 1),
	(9, '9', 'Ihorombe', 1),
	(10, '10', 'Antsinanana', 1),
	(11, '11', 'Alaotra Mangoro', 1),
	(12, '12', 'Analanjirofo', 1),
	(13, '13', 'Diana', 1),
	(14, '14', 'Sava', 1),
	(15, '15', 'Boeny', 1),
	(16, '16', 'Betsiboka', 1),
	(17, '17', 'Sofia', 1),
	(18, '18', 'Melaky', 1),
	(19, '19', 'Atsimo andrefana', 1),
	(20, '20', 'Anosy', 1),
	(21, '21', 'Androy', 1),
	(22, '22', 'Menabe', 1);
/*!40000 ALTER TABLE `region` ENABLE KEYS */;

-- Export de la structure de la table peche_db. site_embarquement
DROP TABLE IF EXISTS `site_embarquement`;
CREATE TABLE IF NOT EXISTS `site_embarquement` (
  `id` int(11) NOT NULL AUTO_INCREMENT,
  `code` varchar(50) DEFAULT NULL,
  `libelle` varchar(100) DEFAULT NULL,
  `code_unique` varchar(100) DEFAULT NULL,
  `id_region` int(11) DEFAULT NULL,
  `id_district` int(11) DEFAULT NULL,
  `latitude` double DEFAULT NULL,
  `longitude` double DEFAULT NULL,
  `altitude` double DEFAULT NULL,
  PRIMARY KEY (`id`),
  UNIQUE KEY `Index 4` (`code_unique`),
  KEY `FK_site_embarquement_region` (`id_region`),
  KEY `FK_site_embarquement_district` (`id_district`),
  CONSTRAINT `FK_site_embarquement_district` FOREIGN KEY (`id_district`) REFERENCES `district` (`id`) ON UPDATE CASCADE,
  CONSTRAINT `FK_site_embarquement_region` FOREIGN KEY (`id_region`) REFERENCES `region` (`id`) ON UPDATE CASCADE
) ENGINE=InnoDB AUTO_INCREMENT=29 DEFAULT CHARSET=latin1;

-- Export de données de la table peche_db.site_embarquement : ~3 rows (environ)
/*!40000 ALTER TABLE `site_embarquement` DISABLE KEYS */;
INSERT INTO `site_embarquement` (`id`, `code`, `libelle`, `code_unique`, `id_region`, `id_district`, `latitude`, `longitude`, `altitude`) VALUES
	(1, 'e', 'mk', '8', 1, 1, -12.345345, 45.456456, 45),
	(15, 'DG', 'libelle3', '7', 21, 104, -18.456456, 45.64556456, 7),
	(28, 'AMB', 'libelle2', '69', 10, 60, -18.5645, 45.45345, 45);
/*!40000 ALTER TABLE `site_embarquement` ENABLE KEYS */;

-- Export de la structure de la table peche_db. site_enqueteur
DROP TABLE IF EXISTS `site_enqueteur`;
CREATE TABLE IF NOT EXISTS `site_enqueteur` (
  `id` int(11) NOT NULL AUTO_INCREMENT,
  `id_site` int(11) NOT NULL,
  `id_enqueteur` int(11) NOT NULL,
  PRIMARY KEY (`id`),
  KEY `FK_site_enqueteur_site_embarquement` (`id_site`),
  KEY `FK_site_enqueteur_enqueteur` (`id_enqueteur`),
  CONSTRAINT `FK_site_enqueteur_enqueteur` FOREIGN KEY (`id_enqueteur`) REFERENCES `enqueteur` (`id`),
  CONSTRAINT `FK_site_enqueteur_site_embarquement` FOREIGN KEY (`id_site`) REFERENCES `site_embarquement` (`id`)
) ENGINE=InnoDB DEFAULT CHARSET=latin1;

-- Export de données de la table peche_db.site_enqueteur : ~0 rows (environ)
/*!40000 ALTER TABLE `site_enqueteur` DISABLE KEYS */;
/*!40000 ALTER TABLE `site_enqueteur` ENABLE KEYS */;

-- Export de la structure de la table peche_db. type_canoe
DROP TABLE IF EXISTS `type_canoe`;
CREATE TABLE IF NOT EXISTS `type_canoe` (
  `id` int(11) NOT NULL AUTO_INCREMENT,
  `code` varchar(50) DEFAULT NULL,
  `nom` varchar(100) DEFAULT NULL,
  PRIMARY KEY (`id`)
) ENGINE=InnoDB AUTO_INCREMENT=6 DEFAULT CHARSET=latin1;

-- Export de données de la table peche_db.type_canoe : ~5 rows (environ)
/*!40000 ALTER TABLE `type_canoe` DISABLE KEYS */;
INSERT INTO `type_canoe` (`id`, `code`, `nom`) VALUES
	(1, 'fibrever', 'Fibrever'),
	(2, 'mono', 'Monoxyle'),
	(3, 'pechepieds', 'Pecheur a pied'),
	(4, 'plancheM', 'Planche motorisez'),
	(5, 'plancheNM', 'Planche non motorisez\r\n');
/*!40000 ALTER TABLE `type_canoe` ENABLE KEYS */;

-- Export de la structure de la table peche_db. type_engin
DROP TABLE IF EXISTS `type_engin`;
CREATE TABLE IF NOT EXISTS `type_engin` (
  `id` int(11) NOT NULL AUTO_INCREMENT,
  `code` varchar(50) NOT NULL DEFAULT '0',
  `libelle` varchar(100) NOT NULL DEFAULT '0',
  PRIMARY KEY (`id`)
) ENGINE=InnoDB AUTO_INCREMENT=16 DEFAULT CHARSET=latin1;

-- Export de données de la table peche_db.type_engin : ~15 rows (environ)
/*!40000 ALTER TABLE `type_engin` DISABLE KEYS */;
INSERT INTO `type_engin` (`id`, `code`, `libelle`) VALUES
	(1, 'perik', 'Periky'),
	(2, 'zz', 'Filet ZZ'),
	(3, 'senne', 'Senne'),
	(4, 'mous', 'Moustiquaire'),
	(5, 'jari', 'Jarifa'),
	(6, 'eper', 'Epervier'),
	(7, 'autre_filet', 'Autre Filet'),
	(8, 'plong_simple', 'Plongée simple'),
	(9, 'val', 'Valakira/barrage'),
	(10, 'engin_crab', 'Engin à crabe'),
	(11, 'harpon', 'Harpon'),
	(12, 'turlt', 'Turlute'),
	(13, 'nasse', 'Nasse'),
	(14, 'polyvt', 'Plusiers engins'),
	(15, 'autres', 'Autres\r\n');
/*!40000 ALTER TABLE `type_engin` ENABLE KEYS */;

-- Export de la structure de la table peche_db. utilisateur
DROP TABLE IF EXISTS `utilisateur`;
CREATE TABLE IF NOT EXISTS `utilisateur` (
  `id` int(11) NOT NULL AUTO_INCREMENT,
  `nom` varchar(255) DEFAULT NULL,
  `prenom` varchar(255) DEFAULT NULL,
  `telephone` varchar(255) DEFAULT NULL,
  `email` varchar(255) DEFAULT NULL,
  `password` varchar(255) DEFAULT NULL,
  `fonction` varchar(255) DEFAULT NULL,
  `cin` bigint(20) DEFAULT NULL,
  `date_creation` timestamp NULL DEFAULT NULL,
  `date_modification` timestamp NULL DEFAULT NULL,
  `enabled` tinyint(1) DEFAULT NULL,
  `token` text,
  `roles` longtext,
  PRIMARY KEY (`id`)
) ENGINE=InnoDB AUTO_INCREMENT=67 DEFAULT CHARSET=utf8;

-- Export de données de la table peche_db.utilisateur : ~2 rows (environ)
/*!40000 ALTER TABLE `utilisateur` DISABLE KEYS */;
INSERT INTO `utilisateur` (`id`, `nom`, `prenom`, `telephone`, `email`, `password`, `fonction`, `cin`, `date_creation`, `date_modification`, `enabled`, `token`, `roles`) VALUES
	(65, 'RAJAONARISOA', 'Harizo', NULL, 'rajaonarisoazo@gmail.com', '09b4af440c5e17e02e5d0a2618aed25eca4b0332', NULL, NULL, '2019-01-07 16:56:38', '2019-01-07 16:56:38', 1, '3b4e973e95b117d49f72928d0dd948c5a36b7b64a42dd7641e904601a17b0c30', 'a:1:{i:0;s:4:"USER";}'),
	(66, 'Ralaibetarafina', 'Bruce', NULL, 'brucetarafina@gmail.com', '925c7332a8c820faa0d0167ac6d2b64281113173', NULL, NULL, '2019-01-23 09:18:58', '2019-01-23 09:18:58', 1, '254d099ce314364ec97bb1c19ae4848e13b0b987c2e88097ad41f5fa3545400d', 'a:1:{i:0;s:4:"USER";}');
/*!40000 ALTER TABLE `utilisateur` ENABLE KEYS */;

/*!40101 SET SQL_MODE=IFNULL(@OLD_SQL_MODE, '') */;
/*!40014 SET FOREIGN_KEY_CHECKS=IF(@OLD_FOREIGN_KEY_CHECKS IS NULL, 1, @OLD_FOREIGN_KEY_CHECKS) */;
/*!40101 SET CHARACTER_SET_CLIENT=@OLD_CHARACTER_SET_CLIENT */;
